date,portfolio_value,daily_pnl,buy_amount,sell_amount,positions_value
20210104,1000000.0,0.0,0.0,0.0,0.0
20210105,1000000.0,0.0,0.0,0.0,0.0
20210106,1000000.0,0.0,0.0,0.0,0.0
20210107,1000000.0,0.0,0.0,0.0,0.0
20210108,1000000.0,0.0,0.0,0.0,0.0
20210111,1000000.0,0.0,0.0,0.0,0.0
20210112,1000000.0,0.0,0.0,0.0,0.0
20210113,1000000.0,0.0,0.0,0.0,0.0
20210114,1000000.0,0.0,0.0,0.0,0.0
20210115,1000000.0,0.0,0.0,0.0,0.0
20210118,1000000.0,0.0,0.0,0.0,0.0
20210119,1000000.0,0.0,0.0,0.0,0.0
20210120,1000000.0,0.0,0.0,0.0,0.0
20210121,1000000.0,0.0,0.0,0.0,0.0
20210122,1000000.0,0.0,0.0,0.0,0.0
20210125,1000000.0,0.0,0.0,0.0,0.0
20210126,1000000.0,0.0,0.0,0.0,0.0
20210127,1000000.0,0.0,0.0,0.0,0.0
20210128,1000000.0,0.0,0.0,0.0,0.0
20210129,1000000.0,0.0,0.0,0.0,0.0
20210201,1000000.0,0.0,0.0,0.0,0.0
20210202,1000000.0,0.0,0.0,0.0,0.0
20210203,1000000.0,0.0,0.0,0.0,0.0
20210204,1000000.0,0.0,0.0,0.0,0.0
20210205,1000000.0,0.0,0.0,0.0,0.0
20210208,1000000.0,0.0,0.0,0.0,0.0
20210209,1000000.0,0.0,0.0,0.0,0.0
20210210,1000000.0,0.0,0.0,0.0,0.0
20210218,1000000.0,0.0,0.0,0.0,0.0
20210219,1000000.0,0.0,0.0,0.0,0.0
20210222,1000000.0,0.0,0.0,0.0,0.0
20210223,1000000.0,0.0,0.0,0.0,0.0
20210224,1000000.0,0.0,0.0,0.0,0.0
20210225,1000000.0,0.0,0.0,0.0,0.0
20210226,1000000.0,0.0,0.0,0.0,0.0
20210301,1000000.0,0.0,0.0,0.0,0.0
20210302,1000000.0,0.0,0.0,0.0,0.0
20210303,1000000.0,0.0,0.0,0.0,0.0
20210304,1000000.0,0.0,0.0,0.0,0.0
20210305,1000000.0,0.0,0.0,0.0,0.0
20210308,1000000.0,0.0,0.0,0.0,0.0
20210309,1000000.0,0.0,0.0,0.0,0.0
20210310,1000000.0,0.0,0.0,0.0,0.0
20210311,1000000.0,0.0,0.0,0.0,0.0
20210312,1000000.0,0.0,0.0,0.0,0.0
20210315,1000000.0,0.0,0.0,0.0,0.0
20210316,1000000.0,0.0,0.0,0.0,0.0
20210317,1000000.0,0.0,0.0,0.0,0.0
20210318,1000000.0,0.0,0.0,0.0,0.0
20210319,1000000.0,0.0,0.0,0.0,0.0
20210322,1000000.0,0.0,0.0,0.0,0.0
20210323,1000000.0,-5.389843499986455,8005.0,0.0,8005.0
20210324,999890.6101565,-104.0,0.0,0.0,7901.000000000001
20210325,999909.6101565,19.0,0.0,0.0,7920.0
20210326,999990.6101565,81.0,0.0,0.0,8001.000000000001
20210329,999902.6101565,-88.0,0.0,0.0,7913.0
20210330,999926.6101565,24.0,0.0,0.0,7937.0
20210331,999859.6101565,-67.0,0.0,0.0,7870.0
20210401,999909.6101565,50.0,0.0,0.0,7920.0
20210402,999877.6101565,-32.0,0.0,0.0,7888.0
20210406,999892.6101565,15.0,0.0,0.0,7903.0
20210407,999834.6101565,-58.0,0.0,0.0,7845.0
20210408,999852.6101565,12.69879050005693,6185.0,0.0,14048.0
20210409,999680.3089470001,-167.0,0.0,0.0,13881.0
20210412,999535.3089470001,-145.0,0.0,0.0,13736.0
20210413,999372.3089470001,-163.0,0.0,0.0,13573.0
20210414,999506.3089470001,134.0,0.0,0.0,13707.0
20210415,999433.3089470001,-73.0,0.0,0.0,13634.0
20210416,999457.3089470001,24.0,0.0,0.0,13658.0
20210419,999505.3089470001,48.0,0.0,0.0,13706.0
20210420,999397.3089470001,-108.0,0.0,0.0,13598.0
20210421,999323.3089470001,-74.0,0.0,0.0,13524.0
20210422,999147.3089470001,-64.80000000004657,0.0,0.0,13348.0
20210423,999317.508947,59.0,0.0,0.0,13407.0
20210426,999049.508947,-268.0,0.0,0.0,13139.0
20210427,999035.508947,-14.0,0.0,0.0,13125.0
20210428,998997.508947,-38.0,0.0,0.0,13087.0
20210429,999243.508947,246.0,0.0,0.0,13333.0
20210430,999151.508947,-92.0,0.0,0.0,13241.0
20210506,998959.508947,-192.0,0.0,0.0,13049.0
20210507,998876.508947,-95.35138699994422,0.0,7009.999999999999,5956.0
20210510,998892.1575600001,28.0,0.0,0.0,5984.0
20210511,998898.1575600001,6.0,0.0,0.0,5990.0
20210512,998816.1575600001,-82.0,0.0,0.0,5908.0
20210513,998646.1575600001,-170.0,0.0,0.0,5738.0
20210514,998682.1575600001,36.0,0.0,0.0,5774.0
20210517,998737.1575600001,55.0,0.0,0.0,5829.0
20210518,998701.1575600001,-36.0,0.0,0.0,5793.0
20210519,998649.1575600001,-52.0,0.0,0.0,5741.0
20210520,998708.1575600001,59.0,0.0,0.0,5800.0
20210521,998658.1575600001,-50.0,0.0,0.0,5750.0
20210524,998588.1575600001,-70.0,0.0,0.0,5680.0
20210525,998497.1575600001,-91.0,0.0,0.0,5589.0
20210526,998527.1575600001,30.0,0.0,0.0,5619.0
20210527,998712.1575600001,185.0,0.0,0.0,5804.0
20210528,998607.1575600001,-105.0,0.0,0.0,5699.0
20210531,998538.1575600001,-69.0,0.0,0.0,5630.0
20210601,998538.1575600001,-5.274180999957025,5630.0,0.0,11260.0
20210602,998482.8833790001,-50.0,0.0,0.0,11210.0
20210603,998468.8833790001,-14.0,0.0,0.0,11196.0
20210604,998468.8833790001,0.0,0.0,0.0,11196.0
20210607,998344.8833790001,-124.0,0.0,0.0,11072.0
20210608,998318.8833790001,-26.0,0.0,0.0,11046.0
20210609,998318.8833790001,0.0,0.0,0.0,11046.0
20210610,998274.8833790001,-44.0,0.0,0.0,11002.0
20210611,998196.8833790001,-78.0,0.0,0.0,10924.0
20210615,998346.8833790001,150.0,0.0,0.0,11074.0
20210616,998308.8833790001,-38.0,0.0,0.0,11036.0
20210617,998212.8833790001,-96.0,0.0,0.0,10940.0
20210618,998008.8833790001,-204.0,0.0,0.0,10736.0
20210621,997494.8833790001,-524.3599056999665,0.0,5111.0,5111.0
20210622,997355.5234733002,-139.22462340001948,0.0,4982.0,0.0
20210623,997345.2988499001,0.0,0.0,0.0,0.0
20210624,997345.2988499001,0.0,0.0,0.0,0.0
20210625,997345.2988499001,0.0,0.0,0.0,0.0
20210628,997345.2988499001,0.0,0.0,0.0,0.0
20210629,997345.2988499001,0.0,0.0,0.0,0.0
20210630,997345.2988499001,0.0,0.0,0.0,0.0
20210701,997345.2988499001,0.0,0.0,0.0,0.0
20210702,997345.2988499001,0.0,0.0,0.0,0.0
20210705,997345.2988499001,0.0,0.0,0.0,0.0
20210706,997345.2988499001,0.0,0.0,0.0,0.0
20210707,997345.2988499001,0.0,0.0,0.0,0.0
20210708,997345.2988499001,0.0,0.0,0.0,0.0
20210709,997345.2988499001,0.0,0.0,0.0,0.0
20210712,997345.2988499001,0.0,0.0,0.0,0.0
20210713,997345.2988499001,0.0,0.0,0.0,0.0
20210714,997345.2988499001,0.0,0.0,0.0,0.0
20210715,997345.2988499001,0.0,0.0,0.0,0.0
20210716,997345.2988499001,0.0,0.0,0.0,0.0
20210719,997345.2988499001,0.0,0.0,0.0,0.0
20210720,997345.2988499001,0.0,0.0,0.0,0.0
20210721,997345.2988499001,0.0,0.0,0.0,0.0
20210722,997345.2988499001,0.0,0.0,0.0,0.0
20210723,997345.2988499001,0.0,0.0,0.0,0.0
20210726,997345.2988499001,0.0,0.0,0.0,0.0
20210727,997345.2988499001,0.0,0.0,0.0,0.0
20210728,997345.2988499001,0.0,0.0,0.0,0.0
20210729,997345.2988499001,0.0,0.0,0.0,0.0
20210730,997345.2988499001,0.0,0.0,0.0,0.0
20210802,997345.2988499001,0.0,0.0,0.0,0.0
20210803,997345.2988499001,0.0,0.0,0.0,0.0
20210804,997345.2988499001,0.0,0.0,0.0,0.0
20210805,997345.2988499001,0.0,0.0,0.0,0.0
20210806,997345.2988499001,0.0,0.0,0.0,0.0
20210809,997345.2988499001,0.0,0.0,0.0,0.0
20210810,997345.2988499001,0.0,0.0,0.0,0.0
20210811,997345.2988499001,0.0,0.0,0.0,0.0
20210812,997345.2988499001,0.0,0.0,0.0,0.0
20210813,997345.2988499001,0.0,0.0,0.0,0.0
20210816,997345.2988499001,0.0,0.0,0.0,0.0
20210817,997345.2988499001,0.0,0.0,0.0,0.0
20210818,997345.2988499001,0.0,0.0,0.0,0.0
20210819,997345.2988499001,0.0,0.0,0.0,0.0
20210820,997345.2988499001,0.0,0.0,0.0,0.0
20210823,997345.2988499001,0.0,0.0,0.0,0.0
20210824,997345.2988499001,-5.252266000024974,5180.0,0.0,5180.0
20210825,997318.0465839001,-22.0,0.0,0.0,5158.0
20210826,997190.0465839001,-128.0,0.0,0.0,5030.0
20210827,997360.0465839001,170.0,0.0,0.0,5200.0
20210830,997231.0465839001,-129.0,0.0,0.0,5071.0
20210831,997150.0465839001,-86.40031399996951,8220.0,0.0,13210.0
20210901,997415.6462699001,260.6002436999697,0.0,5149.0,8332.0
20210902,997167.2465136001,-238.0,0.0,0.0,8094.0
20210903,997191.2465136001,24.0,0.0,0.0,8118.000000000001
20210906,997351.2465136001,160.0,0.0,0.0,8278.0
20210907,997423.2465136001,72.0,0.0,0.0,8350.0
20210908,997379.2465136001,-44.0,0.0,0.0,8306.0
20210909,997365.2465136001,-14.0,0.0,0.0,8292.0
20210910,997321.2465136001,-44.0,0.0,0.0,8248.0
20210913,997233.2465136001,-88.0,0.0,0.0,8159.999999999999
20210914,997115.2465136001,-118.0,0.0,0.0,8042.0
20210915,996871.2465136001,-244.0,0.0,0.0,7798.0
20210916,996715.2465136001,-156.0,0.0,0.0,7642.0
20210917,996725.2465136001,-3.0246524000540376,0.0,7652.0,0.0
20210922,996712.2218612,0.0,0.0,0.0,0.0
20210923,996712.2218612,0.0,0.0,0.0,0.0
20210924,996712.2218612,0.0,0.0,0.0,0.0
20210927,996712.2218612,0.0,0.0,0.0,0.0
20210928,996712.2218612,0.0,0.0,0.0,0.0
20210929,996712.2218612,0.0,0.0,0.0,0.0
20210930,996712.2218612,0.0,0.0,0.0,0.0
20211008,996712.2218612,0.0,0.0,0.0,0.0
20211011,996712.2218612,0.0,0.0,0.0,0.0
20211012,996712.2218612,0.0,0.0,0.0,0.0
20211013,996712.2218612,0.0,0.0,0.0,0.0
20211014,996712.2218612,0.0,0.0,0.0,0.0
20211015,996712.2218612,0.0,0.0,0.0,0.0
20211018,996712.2218612,0.0,0.0,0.0,0.0
20211019,996712.2218612,0.0,0.0,0.0,0.0
20211020,996712.2218612,0.0,0.0,0.0,0.0
20211021,996712.2218612,0.0,0.0,0.0,0.0
20211022,996712.2218612,0.0,0.0,0.0,0.0
20211025,996712.2218612,0.0,0.0,0.0,0.0
20211026,996712.2218612,0.0,0.0,0.0,0.0
20211027,996712.2218612,-5.251535500050522,5165.0,0.0,5165.0
20211028,996671.9703257,-35.0,0.0,0.0,5130.0
20211029,996498.9703257,-173.0,0.0,0.0,4957.0
20211101,996553.9703257,55.0,0.0,0.0,5012.0
20211102,996542.9703257,-11.0,0.0,0.0,5001.0
20211103,996546.9703257,4.0,0.0,0.0,5005.0
20211104,996511.9703257,-35.0,0.0,0.0,4970.0
20211105,996534.9703257,23.0,0.0,0.0,4993.0
20211108,996581.9703257,47.0,0.0,0.0,5040.0
20211109,996510.9703257,-71.0,0.0,0.0,4969.0
20211110,996454.9703257,-56.0,0.0,0.0,4913.0
20211111,996656.9703257,202.0,0.0,0.0,5115.0
20211112,996602.9703257,-54.0,0.0,0.0,5061.0
20211115,996601.9703257,-1.0,0.0,0.0,5060.0
20211116,996577.9703257,-24.0,0.0,0.0,5036.0
20211117,996546.9703257,-31.0,0.0,0.0,5005.0
20211118,996492.9703257,-54.0,0.0,0.0,4951.0
20211119,996537.9703257,45.0,0.0,0.0,4996.0
20211122,996512.9703257,-25.0,0.0,0.0,4971.0
20211123,996503.9703257,-9.0,0.0,0.0,4962.0
20211124,996516.9703257,13.0,0.0,0.0,4975.0
20211125,996481.9703257,-35.0,0.0,0.0,4940.0
20211126,996413.9703257,-68.0,0.0,0.0,4872.0
20211129,996407.9703257,-6.0,0.0,0.0,4866.0
20211130,996363.9703257,-44.0,0.0,0.0,4822.0
20211201,996428.9703257,65.0,0.0,0.0,4887.0
20211202,996429.9703257,1.0,0.0,0.0,4888.0
20211203,996440.9703257,11.0,0.0,0.0,4899.0
20211206,996456.9703257,16.0,0.0,0.0,4915.0
20211207,996580.9703257,124.0,0.0,0.0,5039.0
20211208,996575.9703257,-5.0,0.0,0.0,5034.0
20211209,996672.9703257,97.0,0.0,0.0,5131.0
20211210,996663.9703257,-9.0,0.0,0.0,5122.0
20211213,996656.9703257,-7.0,0.0,0.0,5115.0
20211214,996626.9703257,-30.0,0.0,0.0,5085.0
20211215,996611.9703257,-15.0,0.0,0.0,5070.0
20211216,996661.9703257,50.0,0.0,0.0,5120.0
20211217,996595.9703257,-66.0,0.0,0.0,5054.0
20211220,996569.9703257,-26.0,0.0,0.0,5028.0
20211221,996625.9703257,56.0,0.0,0.0,5084.0
20211222,996559.9703257,-66.0,0.0,0.0,5018.0
20211223,996563.9703257,-1.2445713999914005,5022.0,0.0,10044.0
20211224,996482.7257543,-76.0,0.0,0.0,9968.0
20211227,996445.7257543,-37.0,0.0,0.0,9931.0
20211228,996564.7257543,119.0,0.0,0.0,10050.0
20211229,996357.7257543,-207.0,0.0,0.0,9843.0
20211230,996405.7257543,48.0,0.0,0.0,9891.0
20211231,996426.7257543,21.0,0.0,0.0,9912.0
20220104,996449.7257543,23.0,0.0,0.0,9935.0
20220105,996626.7257543,166.85612649994437,0.0,4905.0,5207.0
20220106,996539.5818808,-77.0,0.0,0.0,5130.0
20220107,996703.5818808,164.0,0.0,0.0,5294.0
20220110,996717.5818808,14.0,0.0,0.0,5308.0
20220111,996695.5818808,-22.0,0.0,0.0,5286.0
20220112,996659.5818808,-36.0,0.0,0.0,5250.0
20220113,996639.5818808,-20.0,0.0,0.0,5230.0
20220114,996519.5818808,-120.0,0.0,0.0,5110.0
20220117,996503.5818808,-16.0,0.0,0.0,5094.0
20220118,996532.5818808,29.0,0.0,0.0,5123.0
20220119,996554.5818808,22.0,0.0,0.0,5145.0
20220120,996749.5818808,195.0,0.0,0.0,5340.0
20220121,996764.5818808,15.0,0.0,0.0,5355.0
20220124,996722.5818808,-42.0,0.0,0.0,5313.0
20220125,996529.5818808,-193.0,0.0,0.0,5120.0
20220126,996592.5818808,63.0,0.0,0.0,5183.0
20220127,996488.5818808,-104.0,0.0,0.0,5079.0
20220128,996406.5818808,-82.0,0.0,0.0,4997.0
20220207,996607.5818808,201.0,0.0,0.0,5198.0
20220208,996709.5818808,102.0,0.0,0.0,5300.0
20220209,996713.5818808,4.0,0.0,0.0,5304.0
20220210,996827.5818808,114.0,0.0,0.0,5418.0
20220211,996968.5818808,141.0,0.0,0.0,5559.0
20220214,996799.5818808,-169.0,0.0,0.0,5390.0
20220215,996737.5818808,-62.0,0.0,0.0,5328.0
20220216,996793.5818808,56.0,0.0,0.0,5384.0
20220217,996774.5818808,-19.0,0.0,0.0,5365.0
20220218,996859.5818808,85.0,0.0,0.0,5450.0
20220221,996825.5818808,-34.0,0.0,0.0,5416.0
20220222,996716.5818808,-109.0,0.0,0.0,5307.0
20220223,996698.5818808,-18.0,0.0,0.0,5289.0
20220224,996555.5818808,-143.0,0.0,0.0,5146.0
20220225,996549.5818808,-6.0,0.0,0.0,5140.0
20220228,996485.5818808,-64.0,0.0,0.0,5076.0
20220301,996548.5818808,63.0,0.0,0.0,5139.0
20220302,996485.5818808,-63.0,0.0,0.0,5076.0
20220303,996501.5818808,16.0,0.0,0.0,5092.0
20220304,996419.5818808,-82.0,0.0,0.0,5010.0
20220307,996297.5818808,-122.0,0.0,0.0,4888.0
20220308,996156.5818808,-141.0,0.0,0.0,4747.0
20220309,996101.5818808,-55.0,0.0,0.0,4692.0
20220310,996100.5818808,-10.919451700057834,0.0,4691.0,0.0
20220311,996090.6624290999,0.0,0.0,0.0,0.0
20220314,996090.6624290999,0.0,0.0,0.0,0.0
20220315,996090.6624290999,0.0,0.0,0.0,0.0
20220316,996090.6624290999,0.0,0.0,0.0,0.0
20220317,996090.6624290999,0.0,0.0,0.0,0.0
20220318,996090.6624290999,0.0,0.0,0.0,0.0
20220321,996090.6624290999,0.0,0.0,0.0,0.0
20220322,996090.6624290999,0.0,0.0,0.0,0.0
20220323,996090.6624290999,0.0,0.0,0.0,0.0
20220324,996090.6624290999,0.0,0.0,0.0,0.0
20220325,996090.6624290999,0.0,0.0,0.0,0.0
20220328,996090.6624290999,0.0,0.0,0.0,0.0
20220329,996090.6624290999,0.0,0.0,0.0,0.0
20220330,996090.6624290999,-5.46854270005133,9621.0,0.0,9621.0
20220331,996154.1938863999,69.0,0.0,0.0,9690.0
20220401,996370.1938863999,216.0,0.0,0.0,9906.000000000002
20220406,996421.1938863999,51.0,0.0,0.0,9957.0
20220407,996388.1938863999,-33.0,0.0,0.0,9924.0
20220408,996127.1938863999,-35.40000000002328,0.0,0.0,9663.0
20220411,996223.7938863998,-129.0,0.0,0.0,9534.0
20220412,996427.7938863998,204.0,0.0,0.0,9738.0
20220413,996277.7938863998,-150.0,0.0,0.0,9588.0
20220414,996436.7938863998,159.0,0.0,0.0,9747.0
20220415,996403.7938863998,-33.0,0.0,0.0,9714.0
20220418,996289.7938863998,-114.0,0.0,0.0,9600.0
20220419,996154.7938863998,-135.0,0.0,0.0,9465.0
20220420,996208.7938863998,54.0,0.0,0.0,9519.0
20220421,996043.7938863998,-175.85224999999627,17500.0,0.0,26854.0
20220422,996561.9416363998,529.0,0.0,0.0,27383.0
20220425,995127.9416363998,-1434.0,0.0,0.0,25949.0
20220426,994578.9416363998,-549.0,0.0,0.0,25400.0
20220427,994706.9416363998,128.0,0.0,0.0,25528.0
20220428,994927.9416363998,221.0,0.0,0.0,25749.0
20220429,995439.9416363998,512.0,0.0,0.0,26261.0
20220505,996300.9416363998,861.0,0.0,0.0,27122.0
20220506,995760.9416363998,-540.0,0.0,0.0,26582.0
20220509,995353.9416363998,-407.0,0.0,0.0,26175.0
20220510,995533.9416363998,167.24381480005104,0.0,7395.999999999999,18959.0
20220511,995498.1854511999,-23.0,0.0,0.0,18936.0
20220512,995337.1854511999,-161.0,0.0,0.0,18775.0
20220513,995413.1854511999,76.0,0.0,0.0,18851.0
20220516,995230.1854511999,-183.0,0.0,0.0,18668.0
20220517,995334.1854511999,104.0,0.0,0.0,18772.0
20220518,995188.1854511999,-146.0,0.0,0.0,18626.0
20220519,995036.1854511999,-152.0,0.0,0.0,18474.0
20220520,995393.1854511999,357.0,0.0,0.0,18831.0
20220523,995054.1854511999,-339.0,0.0,0.0,18492.0
20220524,994727.1854511999,-327.0,0.0,0.0,18165.0
20220525,994739.1854511999,12.0,0.0,0.0,18177.0
20220526,994714.1854511999,-25.0,0.0,0.0,18152.0
20220527,994727.1854511999,13.0,0.0,0.0,18165.0
20220530,994944.1854511999,217.0,0.0,0.0,18382.0
20220531,995053.1854511999,109.0,0.0,0.0,18491.0
20220601,994915.1854511999,-138.0,0.0,0.0,18353.0
20220602,994818.1854511999,-97.0,0.0,0.0,18256.0
20220606,994924.1854511999,106.0,0.0,0.0,18362.0
20220607,994968.1854511999,44.0,0.0,0.0,18406.0
20220608,995023.1854511999,55.0,0.0,0.0,18461.0
20220609,994879.1854511999,-144.0,0.0,0.0,18317.0
20220610,995015.1854511999,136.0,0.0,0.0,18453.0
20220613,994786.1854511999,-229.0,0.0,0.0,18224.0
20220614,995098.1854511999,312.0,0.0,0.0,18536.0
20220615,995797.1854511999,699.0,0.0,0.0,19235.0
20220616,995462.1854511999,-335.0,0.0,0.0,18900.0
20220617,995763.1854511999,301.0,0.0,0.0,19201.0
20220620,995522.1854511999,-2.599999999976717,0.0,0.0,18960.0
20220621,995980.5854511999,220.0,0.0,0.0,19180.0
20220622,995516.5854511999,-464.0,0.0,0.0,18716.0
20220623,995725.5854511999,209.0,0.0,0.0,18925.0
20220624,996322.5854511999,597.0,0.0,0.0,19522.0
20220627,996135.5854511999,-187.0,0.0,0.0,19335.0
20220628,996215.5854511999,80.0,0.0,0.0,19415.0
20220629,996139.5854511999,-76.0,0.0,0.0,19339.0
20220630,996254.5854511999,115.0,0.0,0.0,19454.0
20220701,996097.5854511999,-157.0,0.0,0.0,19297.0
20220704,996184.5854511999,87.0,0.0,0.0,19384.0
20220705,996073.5854511999,-111.0,0.0,0.0,19273.0
20220706,995813.5854511999,-260.0,0.0,0.0,19013.0
20220707,995787.5854511999,-26.0,0.0,0.0,18987.0
20220708,995984.5854511999,191.61225060001016,7962.0,0.0,27146.0
20220711,995994.1977017999,15.0,0.0,0.0,27161.0
20220712,996274.1977017999,280.0,0.0,0.0,27441.0
20220713,995920.1977017999,-354.0,0.0,0.0,27087.0
20220714,995103.1977017999,-817.0,0.0,0.0,26270.0
20220715,994459.1977017999,-400.80000000004657,0.0,0.0,25626.0
20220718,995182.3977017999,480.0,0.0,0.0,26106.0
20220719,995122.3977017999,-60.0,0.0,0.0,26046.0
20220720,995159.3977017999,37.0,0.0,0.0,26083.0
20220721,994901.3977017999,-258.0,0.0,0.0,25825.0
20220722,994986.3977017999,85.0,0.0,0.0,25910.0
20220725,995099.3977017999,113.0,0.0,0.0,26023.0
20220726,995221.3977017999,122.0,0.0,0.0,26145.0
20220727,994867.3977017999,-354.0,0.0,0.0,25791.0
20220728,994769.3977017999,-98.0,0.0,0.0,25693.0
20220729,994492.3977017999,-277.0,0.0,0.0,25416.0
20220801,994251.3977017999,-241.0,0.0,0.0,25175.0
20220802,993650.3977017999,-601.0,0.0,0.0,24574.0
20220803,993400.3977017999,-250.0,0.0,0.0,24324.0
20220804,993672.3977017999,272.0,0.0,0.0,24596.0
20220805,993463.3977017999,263.80000000004657,0.0,0.0,24387.0
20220808,993732.1977017999,-204.0,0.0,0.0,24183.0
20220809,993644.1977017999,-88.0,0.0,0.0,24095.0
20220810,993385.1977017999,-259.0,0.0,0.0,23836.0
20220811,993962.1977017999,571.5961795999901,8292.0,0.0,32705.0
20220812,994036.7938813999,80.0,0.0,0.0,32785.0
20220815,993720.7938813999,-316.0,0.0,0.0,32469.0
20220816,993687.7938813999,-33.0,0.0,0.0,32436.0
20220817,993909.7938813999,222.0,0.0,0.0,32658.0
20220818,993448.7938813999,-461.0,0.0,0.0,32197.0
20220819,993547.7938813999,99.0,0.0,0.0,32296.0
20220822,993582.7938813999,35.0,0.0,0.0,32331.0
20220823,993228.7938813999,-354.0,0.0,0.0,31977.0
20220824,993475.7938813999,241.52020759996958,9852.000000000002,0.0,42076.0
20220825,994587.3140889999,1117.0,0.0,0.0,43193.0
20220826,994537.3140889999,-50.0,0.0,0.0,43143.0
20220829,994361.3140889999,-176.0,0.0,0.0,42967.0
20220830,994610.3140889999,249.0,0.0,0.0,43216.0
20220831,996034.3140889999,1424.0,0.0,0.0,44640.0
20220901,995959.3140889999,-75.0,0.0,0.0,44565.0
20220902,995940.3140889999,-19.0,0.0,0.0,44546.0
20220905,996037.3140889999,97.0,0.0,0.0,44643.0
20220906,995712.3140889999,-325.0,0.0,0.0,44318.0
20220907,995415.3140889999,-297.0,0.0,0.0,44021.0
20220908,995534.3140889999,119.0,0.0,0.0,44140.0
20220909,996921.3140889999,1387.0,0.0,0.0,45527.0
20220913,997638.3140889999,717.0,0.0,0.0,46244.0
20220914,997160.3140889999,-478.0,0.0,0.0,45766.0
20220915,997965.3140889999,805.0,0.0,0.0,46571.0
20220916,996818.3140889999,-1147.0,0.0,0.0,45424.0
20220919,996849.3140889999,31.0,0.0,0.0,45455.0
20220920,996220.3140889999,-629.0,0.0,0.0,44826.0
20220921,996164.3140889999,-56.0,0.0,0.0,44770.0
20220922,995407.3140889999,-757.0,0.0,0.0,44013.0
20220923,995706.3140889999,299.0,0.0,0.0,44312.0
20220926,995223.3140889999,-483.0,0.0,0.0,43829.0
20220927,995355.3140889999,132.0,0.0,0.0,43961.0
20220928,994885.3140889999,-470.0,0.0,0.0,43491.0
20220929,994262.3140889999,-623.0,0.0,0.0,42868.0
20220930,994580.3140889999,318.0,0.0,0.0,43186.0
20221010,993526.3140889999,-1054.0,0.0,0.0,42132.0
20221011,993156.3140889999,-396.4645899999887,0.0,15700.0,26062.0
20221012,993519.8494989999,390.0,0.0,0.0,26452.0
20221013,993118.8494989999,-401.0,0.0,0.0,26051.0
20221014,993560.8494989999,442.0,0.0,0.0,26493.0
20221017,993588.8494989999,28.0,0.0,0.0,26521.0
20221018,993469.8494989999,-119.0,0.0,0.0,26402.0
20221019,992914.8494989999,-555.0,0.0,0.0,25847.0
20221020,992269.8494989999,-353.80000000004657,0.0,0.0,25202.0
20221021,992399.0494989998,-162.0,0.0,0.0,25040.0
20221024,991433.0494989998,-966.0,0.0,0.0,24074.0
20221025,991387.0494989998,-71.82278560008854,0.0,15088.0,8940.0
20221026,991427.2267133998,66.0,0.0,0.0,9006.0
20221027,991544.2267133998,117.0,0.0,0.0,9123.0
20221028,991478.2267133998,-66.0,0.0,0.0,9057.0
20221031,991022.2267133998,-456.0,0.0,0.0,8601.0
20221101,991232.2267133998,204.58814410003833,8457.0,0.0,17268.0
20221102,991349.8148574998,123.0,0.0,0.0,17391.0
20221103,991160.8148574998,-189.0,0.0,0.0,17202.0
20221104,991730.8148574998,570.0,0.0,0.0,17772.0
20221107,991787.8148574998,57.0,0.0,0.0,17829.0
20221108,991745.8148574998,-42.0,0.0,0.0,17787.0
20221109,991790.8148574998,45.0,0.0,0.0,17832.0
20221110,991751.8148574998,-39.0,0.0,0.0,17793.0
20221111,992663.8148574998,912.0,0.0,0.0,18705.0
20221114,993413.8148574998,750.0,0.0,0.0,19455.0
20221115,993539.8148574998,126.0,0.0,0.0,19581.0
20221116,993491.8148574998,-48.0,0.0,0.0,19533.0
20221117,993176.8148574998,-315.0,0.0,0.0,19218.0
20221118,993107.8148574998,-69.0,0.0,0.0,19149.0
20221121,992849.8148574998,-258.0,0.0,0.0,18891.0
20221122,993080.8148574998,225.5428530999925,9387.0,0.0,28509.0
20221123,992952.3577105998,-123.0,0.0,0.0,28386.0
20221124,992964.3577105998,12.0,0.0,0.0,28398.0
20221125,993528.3577105998,564.0,0.0,0.0,28962.0
20221128,993054.3577105998,-474.0,0.0,0.0,28488.0
20221129,994506.3577105998,1452.0,0.0,0.0,29940.0
20221130,994356.3577105998,-150.0,0.0,0.0,29790.0
20221201,994518.3577105998,162.0,0.0,0.0,29952.0
20221202,994221.3577105998,-297.0,0.0,0.0,29654.999999999996
20221205,995124.3577105998,903.0,0.0,0.0,30558.0
20221206,995085.3577105998,-39.0,0.0,0.0,30519.0
20221207,995034.3577105998,-51.0,0.0,0.0,30468.0
20221208,995007.3577105998,-27.0,0.0,0.0,30441.0
20221209,995919.3577105998,912.0,0.0,0.0,31353.0
20221212,995271.3577105998,-648.0,0.0,0.0,30705.0
20221213,995430.3577105998,159.0,0.0,0.0,30864.0
20221214,995679.3577105998,249.0,0.0,0.0,31113.0
20221215,995271.3577105998,-408.0,0.0,0.0,30705.0
20221216,995649.3577105998,378.0,0.0,0.0,31083.0
20221219,995208.3577105998,-441.0,0.0,0.0,30642.0
20221220,994662.3577105998,-546.0,0.0,0.0,30096.0
20221221,994809.3577105998,147.0,0.0,0.0,30243.0
20221222,995280.3577105998,471.0,0.0,0.0,30714.0
20221223,995145.3577105998,-135.0,0.0,0.0,30579.0
20221226,994761.3577105998,-384.0,0.0,0.0,30195.0
20221227,995145.3577105998,384.0,0.0,0.0,30579.0
20221228,995307.3577105998,162.0,0.0,0.0,30741.0
20221229,995031.3577105998,-276.0,0.0,0.0,30464.999999999993
20221230,995136.3577105998,105.0,0.0,0.0,30570.0
20230103,995340.3577105998,204.0,0.0,0.0,30774.0
20230104,996147.3577105998,807.0,0.0,0.0,31581.0
20230105,996636.3577105998,489.0,0.0,0.0,32070.0
20230106,996540.3577105998,-96.0,0.0,0.0,31974.0
20230109,996660.3577105998,120.0,0.0,0.0,32094.000000000004
20230110,996513.3577105998,-147.0,0.0,0.0,31947.0
20230111,996900.3577105998,387.0,0.0,0.0,32334.0
20230112,996753.3577105998,-147.0,0.0,0.0,32187.0
20230113,997134.3577105998,381.0,0.0,0.0,32568.0
20230116,997995.3577105998,861.0,0.0,0.0,33429.0
20230117,998040.3577105998,45.0,0.0,0.0,33474.0
20230118,997806.3577105998,-234.0,0.0,0.0,33240.0
20230119,997821.3577105998,15.0,0.0,0.0,33255.0
20230120,997911.3577105998,90.0,0.0,0.0,33345.0
20230130,998205.3577105998,294.0,0.0,0.0,33639.0
20230131,997707.3577105998,-498.0,0.0,0.0,33141.0
20230201,997698.3577105998,-9.0,0.0,0.0,33132.0
20230202,997503.3577105998,-195.0,0.0,0.0,32937.0
20230203,997176.3577105998,-327.0,0.0,0.0,32610.0
20230206,996375.3577105998,-801.0,0.0,0.0,31809.000000000004
20230207,996741.3577105998,366.0,0.0,0.0,32175.0
20230208,996687.3577105998,-54.0,0.0,0.0,32121.0
20230209,996723.3577105998,36.0,0.0,0.0,32157.0
20230210,996576.3577105998,-147.0,0.0,0.0,32010.0
20230213,996708.3577105998,132.0,0.0,0.0,32142.0
20230214,996888.3577105998,180.0,0.0,0.0,32322.0
20230215,996441.3577105998,-447.0,0.0,0.0,31875.0
20230216,996237.3577105998,-204.0,0.0,0.0,31671.0
20230217,995961.3577105998,-276.0,0.0,0.0,31395.0
20230220,997203.3577105998,1242.0,0.0,0.0,32637.0
20230221,997857.3577105998,654.0,0.0,0.0,33291.0
20230222,997662.3577105998,-195.0,0.0,0.0,33096.0
20230223,998265.3577105998,603.0,0.0,0.0,33699.0
20230224,997740.3577105998,-525.0,0.0,0.0,33174.0
20230227,996840.3577105998,-420.0,0.0,0.0,32274.0
20230228,997551.3577105998,231.0,0.0,0.0,32505.000000000004
20230301,998373.3577105998,822.0,0.0,0.0,33327.0
20230302,998487.3577105998,114.0,0.0,0.0,33441.0
20230303,998703.3577105998,216.0,0.0,0.0,33657.0
20230306,998292.3577105998,-411.0,0.0,0.0,33246.0
20230307,997758.3577105998,-534.0,0.0,0.0,32712.0
20230308,997740.3577105998,-18.0,0.0,0.0,32694.0
20230309,997692.3577105998,-48.0,0.0,0.0,32646.0
20230310,996921.3577105998,-771.0,0.0,0.0,31875.0
20230313,997827.3577105998,906.0,0.0,0.0,32781.0
20230314,997584.3577105998,-243.0,0.0,0.0,32538.0
20230315,997980.3577105998,390.6602687999839,6976.000000000001,0.0,39910.0
20230316,997770.0179793998,-205.0,0.0,0.0,39705.0
20230317,997751.0179793998,-19.0,0.0,0.0,39686.0
20230320,997385.0179793998,-366.0,0.0,0.0,39320.0
20230321,997752.0179793998,367.0,0.0,0.0,39687.0
20230322,997661.0179793998,-91.0,0.0,0.0,39596.0
20230323,997949.0179793998,288.0,0.0,0.0,39884.0
20230324,997396.0179793998,-553.0,0.0,0.0,39331.0
20230327,996998.0179793998,-398.0,0.0,0.0,38933.0
20230328,997105.0179793998,107.0,0.0,0.0,39040.0
20230329,996815.0179793998,-290.0,0.0,0.0,38750.0
20230330,997578.0179793998,763.0,0.0,0.0,39513.0
20230331,997250.0179793998,-340.1877897999948,0.0,6854.000000000001,32331.0
20230403,997573.8301895998,336.0,0.0,0.0,32667.0
20230404,997408.8301895998,-165.0,0.0,0.0,32502.0
20230406,997096.8301895998,-312.0,0.0,0.0,32190.0
20230407,997522.8301895998,426.0,0.0,0.0,32616.0
20230410,997828.8301895998,306.0,0.0,0.0,32922.0
20230411,998665.8301895998,837.0,0.0,0.0,33759.0
20230412,998668.8301895998,3.0,0.0,0.0,33762.0
20230413,998221.8301895998,-447.0,0.0,0.0,33315.0
20230414,998263.8301895998,42.0,0.0,0.0,33357.0
20230417,999622.8301895998,1359.0,0.0,0.0,34716.0
20230418,999958.8301895998,300.46625240007415,0.0,24348.0,10704.0
20230419,999869.2964419998,-54.0,0.0,0.0,10650.0
20230420,999716.2964419998,-153.0,0.0,0.0,10497.0
20230421,999569.2964419998,-147.0,0.0,0.0,10350.0
20230424,999299.2964419998,-270.0,0.0,0.0,10080.0
20230425,999428.2964419998,129.0,0.0,0.0,10209.0
20230426,999365.2964419998,-63.0,0.0,0.0,10146.0
20230427,999008.2964419998,-357.0,0.0,0.0,9789.0
20230428,999299.2964419998,291.0,0.0,0.0,10080.0
20230504,999458.2964419998,159.0,0.0,0.0,10239.0
20230505,999626.2964419998,168.0,0.0,0.0,10407.0
20230508,999899.2964419998,273.0,0.0,0.0,10680.0
20230509,999716.2964419998,-183.0,0.0,0.0,10497.0
20230510,999539.2964419998,-177.0,0.0,0.0,10320.0
20230511,999554.2964419998,15.0,0.0,0.0,10335.0
20230512,999431.2964419998,-128.33154959999956,6808.0,0.0,17020.0
20230515,999755.9648923998,330.0,0.0,0.0,17350.0
20230516,999815.9648923998,60.0,0.0,0.0,17410.0
20230517,999655.9648923998,-160.0,0.0,0.0,17250.0
20230518,999630.9648923998,-25.0,0.0,0.0,17225.0
20230519,999380.9648923998,-250.0,0.0,0.0,16975.0
20230522,999505.9648923998,125.0,0.0,0.0,17100.0
20230523,999205.9648923998,-300.0,0.0,0.0,16800.0
20230524,998870.9648923998,-335.0,0.0,0.0,16465.0
20230525,998615.9648923998,-255.0,0.0,0.0,16210.0
20230526,998775.9648923998,160.0,0.0,0.0,16370.000000000002
20230529,998750.9648923998,-25.0,0.0,0.0,16344.999999999998
20230530,998725.9648923998,-25.0,0.0,0.0,16320.0
20230531,998555.9648923998,-170.0,0.0,0.0,16149.999999999998
20230601,998435.9648923998,-120.0,0.0,0.0,16030.000000000002
20230602,998940.9648923998,505.0,0.0,0.0,16535.0
20230605,998925.9648923998,-15.0,0.0,0.0,16520.0
20230606,998940.9648923998,15.0,0.0,0.0,16535.0
20230607,999055.9648923998,115.0,0.0,0.0,16650.0
20230608,999445.9648923998,390.0,0.0,0.0,17040.0
20230609,999275.9648923998,-170.0,0.0,0.0,16870.0
20230612,999270.9648923998,-5.0,0.0,0.0,16865.0
20230613,999270.9648923998,0.0,0.0,0.0,16865.0
20230614,999100.9648923998,-170.0,0.0,0.0,16695.0
20230615,999265.9648923998,165.0,0.0,0.0,16860.0
20230616,999370.9648923998,105.0,0.0,0.0,16965.0
20230619,999195.9648923998,-175.0,0.0,0.0,16790.0
20230620,999000.9648923998,-195.0,0.0,0.0,16595.0
20230621,998990.9648923998,-10.0,0.0,0.0,16585.0
20230626,998710.9648923998,-280.0,0.0,0.0,16305.0
20230627,998815.9648923998,105.0,0.0,0.0,16410.0
20230628,998930.9648923998,115.0,0.0,0.0,16525.0
20230629,998745.9648923998,-185.0,0.0,0.0,16340.0
20230630,998785.9648923998,40.0,0.0,0.0,16379.999999999998
20230703,999265.9648923998,480.0,0.0,0.0,16860.0
20230704,999160.9648923998,-105.0,0.0,0.0,16755.0
20230705,998920.9648923998,-240.0,0.0,0.0,16515.0
20230706,998695.9648923998,-225.0,0.0,0.0,16290.0
20230707,998560.9648923998,-135.0,0.0,0.0,16155.000000000002
20230710,998630.9648923998,70.0,0.0,0.0,16225.000000000002
20230711,998760.9648923998,130.0,0.0,0.0,16355.0
20230712,999005.9648923998,245.0,0.0,0.0,16600.0
20230713,998330.9648923998,21.0,0.0,0.0,15925.0
20230714,999066.9648923998,40.0,0.0,0.0,15965.0
20230717,998926.9648923998,-140.0,0.0,0.0,15825.0
20230718,998831.9648923998,-95.0,0.0,0.0,15730.0
20230719,998891.9648923998,60.0,0.0,0.0,15790.0
20230720,998946.9648923998,55.0,0.0,0.0,15845.0
20230721,999001.9648923998,55.0,0.0,0.0,15900.0
20230724,998826.9648923998,-180.45407880004495,9324.0,0.0,25049.0
20230725,1000317.5108135998,1496.0,0.0,0.0,26545.0
20230726,1000339.5108135998,22.0,0.0,0.0,26567.0
20230727,1000578.5108135998,239.0,0.0,0.0,26806.0
20230728,1001708.5108135998,1130.0,0.0,0.0,27936.0
20230731,1002072.5108135998,364.0,0.0,0.0,28300.0
20230801,1001615.5108135998,-457.0,0.0,0.0,27843.0
20230802,1001069.5108135998,-546.0,0.0,0.0,27297.0
20230803,1001594.5108135998,525.0,0.0,0.0,27822.0
20230804,1001592.5108135998,-2.0,0.0,0.0,27820.0
20230807,1001362.5108135998,-230.0,0.0,0.0,27590.0
20230808,1001099.5108135998,-263.0,0.0,0.0,27327.0
20230809,1001034.5108135998,-65.0,0.0,0.0,27262.0
20230810,1001114.5108135998,80.0,0.0,0.0,27342.0
20230811,1000221.5108135998,-893.0,0.0,0.0,26449.0
20230814,999708.5108135998,-513.0,0.0,0.0,25936.0
20230815,999688.5108135998,-20.0,0.0,0.0,25916.0
20230816,999427.5108135998,-261.0,0.0,0.0,25655.0
20230817,999249.5108135998,-178.0,0.0,0.0,25477.0
20230818,999216.5108135998,-33.0,0.0,0.0,25444.0
20230821,998671.5108135998,-545.0,0.0,0.0,24899.0
20230822,998832.5108135998,161.0,0.0,0.0,25060.0
20230823,998489.5108135998,-343.0,0.0,0.0,24717.0
20230824,998602.5108135998,113.0,0.0,0.0,24830.0
20230825,998954.5108135998,352.0,0.0,0.0,25182.0
20230828,999524.5108135998,570.0,0.0,0.0,25752.0
20230829,999504.5108135998,-20.0,0.0,0.0,25732.0
20230830,999252.5108135998,-252.0,0.0,0.0,25480.0
20230831,999305.5108135998,53.0,0.0,0.0,25533.0
20230901,999927.5108135998,622.0,0.0,0.0,26155.0
20230904,1000827.5108135998,900.0,0.0,0.0,27055.0
20230905,1000367.5108135998,-460.0,0.0,0.0,26595.0
20230906,1000658.5108135998,291.0,0.0,0.0,26886.0
20230907,1000386.5108135998,-272.0,0.0,0.0,26614.0
20230908,1000381.5108135998,-5.0,0.0,0.0,26609.0
20230911,1000299.5108135998,-82.0,0.0,0.0,26527.0
20230912,1000202.5108135998,-97.0,0.0,0.0,26430.0
20230913,1000047.5108135998,-155.0,0.0,0.0,26275.0
20230914,1000145.5108135998,98.0,0.0,0.0,26373.0
20230915,1000092.5108135998,-53.0,0.0,0.0,26320.0
20230918,1000142.5108135998,50.0,0.0,0.0,26370.0
20230919,1000108.5108135998,-34.0,0.0,0.0,26336.0
20230920,999915.5108135998,-193.0,0.0,0.0,26143.0
20230921,999655.5108135998,-260.0,0.0,0.0,25883.0
20230922,1000508.5108135998,853.0,0.0,0.0,26736.0
20230925,1000084.5108135998,-424.0,0.0,0.0,26312.0
20230926,999884.5108135998,-200.0,0.0,0.0,26112.0
20230927,999914.5108135998,30.0,0.0,0.0,26142.0
20230928,999917.5108135998,3.0,0.0,0.0,26145.0
20231009,999676.5108135998,-241.0,0.0,0.0,25904.0
20231010,999587.5108135998,-89.0,0.0,0.0,25815.0
20231011,999535.5108135998,-52.0,0.0,0.0,25763.0
20231012,999993.5108135998,458.0,0.0,0.0,26221.0
20231013,999671.5108135998,-322.0,0.0,0.0,25899.0
20231016,999435.5108135998,-236.0,0.0,0.0,25663.0
20231017,999568.5108135998,127.52488279994577,9756.000000000002,0.0,35552.0
20231018,999481.0356963997,-82.0,0.0,0.0,35470.0
20231019,998477.0356963997,-1004.0,0.0,0.0,34466.0
20231020,998499.0356963997,22.0,0.0,0.0,34488.0
20231023,998183.0356963997,-316.0,0.0,0.0,34172.0
20231024,998271.0356963997,88.0,0.0,0.0,34260.0
20231025,998249.0356963997,125.19999999995343,0.0,0.0,34238.0
20231026,998498.2356963997,102.0,0.0,0.0,34340.0
20231027,998418.2356963997,-80.0,0.0,0.0,34260.0
20231030,997940.2356963997,-478.0,0.0,0.0,33782.0
20231031,997858.2356963997,-82.0,0.0,0.0,33700.0
20231101,997540.2356963997,-318.0,0.0,0.0,33382.0
20231102,997714.2356963997,174.0,0.0,0.0,33556.0
20231103,997998.2356963997,284.0,0.0,0.0,33840.0
20231106,998282.2356963997,284.0,0.0,0.0,34124.0
20231107,997858.2356963997,-424.0,0.0,0.0,33700.0
20231108,997564.2356963997,-294.0,0.0,0.0,33406.0
20231109,997342.2356963997,-222.0,0.0,0.0,33184.0
20231110,996756.2356963997,-599.8824889999814,0.0,8470.0,24128.0
20231113,996470.3532073997,-286.3816702000331,0.0,8946.0,14910.0
20231114,996645.9715371997,190.0,0.0,0.0,15100.0
20231115,996865.9715371997,220.0,0.0,0.0,15320.0
20231116,996815.9715371997,-50.0,0.0,0.0,15270.0
20231117,996710.9715371997,-105.0,0.0,0.0,15165.0
20231120,996835.9715371997,125.0,0.0,0.0,15290.0
20231121,996760.9715371997,-75.0,0.0,0.0,15215.0
20231122,996625.9715371997,-135.0,0.0,0.0,15080.0
20231123,996615.9715371997,-10.0,0.0,0.0,15070.0
20231124,996545.9715371997,-70.0,0.0,0.0,15000.0
20231127,996245.9715371997,-300.0,0.0,0.0,14700.0
20231128,996125.9715371997,-131.11601839994546,0.0,5832.0,8748.0
20231129,996006.8555187997,-108.0,0.0,0.0,8640.0
20231130,996003.8555187997,-3.0,0.0,0.0,8637.0
20231201,995844.8555187997,-159.0,0.0,0.0,8478.0
20231204,995790.8555187997,-54.0,0.0,0.0,8424.0
20231205,995619.8555187997,-171.0,0.0,0.0,8253.0
20231206,995694.8555187997,75.0,0.0,0.0,8328.0
20231207,995709.8555187997,1.2506958999438211,0.0,8343.0,0.0
20231208,995696.1062146997,0.0,0.0,0.0,0.0
20231211,995696.1062146997,0.0,0.0,0.0,0.0
20231212,995696.1062146997,0.0,0.0,0.0,0.0
20231213,995696.1062146997,0.0,0.0,0.0,0.0
20231214,995696.1062146997,0.0,0.0,0.0,0.0
20231215,995696.1062146997,0.0,0.0,0.0,0.0
20231218,995696.1062146997,0.0,0.0,0.0,0.0
20231219,995696.1062146997,0.0,0.0,0.0,0.0
20231220,995696.1062146997,0.0,0.0,0.0,0.0
20231221,995696.1062146997,0.0,0.0,0.0,0.0
20231222,995696.1062146997,0.0,0.0,0.0,0.0
20231225,995696.1062146997,0.0,0.0,0.0,0.0
20231226,995696.1062146997,0.0,0.0,0.0,0.0
20231227,995696.1062146997,0.0,0.0,0.0,0.0
20231228,995696.1062146997,0.0,0.0,0.0,0.0
20231229,995696.1062146997,0.0,0.0,0.0,0.0
20240102,995696.1062146997,0.0,0.0,0.0,0.0
20240103,995696.1062146997,0.0,0.0,0.0,0.0
20240104,995696.1062146997,0.0,0.0,0.0,0.0
20240105,995696.1062146997,0.0,0.0,0.0,0.0
20240108,995696.1062146997,0.0,0.0,0.0,0.0
20240109,995696.1062146997,0.0,0.0,0.0,0.0
20240110,995696.1062146997,0.0,0.0,0.0,0.0
20240111,995696.1062146997,0.0,0.0,0.0,0.0
20240112,995696.1062146997,0.0,0.0,0.0,0.0
20240115,995696.1062146997,0.0,0.0,0.0,0.0
20240116,995696.1062146997,0.0,0.0,0.0,0.0
20240117,995696.1062146997,0.0,0.0,0.0,0.0
20240118,995696.1062146997,0.0,0.0,0.0,0.0
20240119,995696.1062146997,0.0,0.0,0.0,0.0
20240122,995696.1062146997,0.0,0.0,0.0,0.0
20240123,995696.1062146997,0.0,0.0,0.0,0.0
20240124,995696.1062146997,0.0,0.0,0.0,0.0
20240125,995696.1062146997,0.0,0.0,0.0,0.0
20240126,995696.1062146997,0.0,0.0,0.0,0.0
20240129,995696.1062146997,0.0,0.0,0.0,0.0
20240130,995696.1062146997,0.0,0.0,0.0,0.0
20240131,995696.1062146997,0.0,0.0,0.0,0.0
20240201,995696.1062146997,0.0,0.0,0.0,0.0
20240202,995696.1062146997,0.0,0.0,0.0,0.0
20240205,995696.1062146997,0.0,0.0,0.0,0.0
20240206,995696.1062146997,0.0,0.0,0.0,0.0
20240207,995696.1062146997,0.0,0.0,0.0,0.0
20240208,995696.1062146997,0.0,0.0,0.0,0.0
20240219,995696.1062146997,0.0,0.0,0.0,0.0
20240220,995696.1062146997,0.0,0.0,0.0,0.0
20240221,995696.1062146997,0.0,0.0,0.0,0.0
20240222,995696.1062146997,0.0,0.0,0.0,0.0
20240223,995696.1062146997,0.0,0.0,0.0,0.0
20240226,995696.1062146997,0.0,0.0,0.0,0.0
20240227,995696.1062146997,0.0,0.0,0.0,0.0
20240228,995696.1062146997,0.0,0.0,0.0,0.0
20240229,995696.1062146997,0.0,0.0,0.0,0.0
20240301,995696.1062146997,0.0,0.0,0.0,0.0
20240304,995696.1062146997,0.0,0.0,0.0,0.0
20240305,995696.1062146997,0.0,0.0,0.0,0.0
20240306,995696.1062146997,0.0,0.0,0.0,0.0
20240307,995696.1062146997,0.0,0.0,0.0,0.0
20240308,995696.1062146997,0.0,0.0,0.0,0.0
20240311,995696.1062146997,0.0,0.0,0.0,0.0
20240312,995696.1062146997,0.0,0.0,0.0,0.0
20240313,995696.1062146997,0.0,0.0,0.0,0.0
20240314,995696.1062146997,0.0,0.0,0.0,0.0
20240315,995696.1062146997,0.0,0.0,0.0,0.0
20240318,995696.1062146997,0.0,0.0,0.0,0.0
20240319,995696.1062146997,0.0,0.0,0.0,0.0
20240320,995696.1062146997,0.0,0.0,0.0,0.0
20240321,995696.1062146997,0.0,0.0,0.0,0.0
20240322,995696.1062146997,0.0,0.0,0.0,0.0
20240325,995696.1062146997,0.0,0.0,0.0,0.0
20240326,995696.1062146997,0.0,0.0,0.0,0.0
20240327,995696.1062146997,0.0,0.0,0.0,0.0
20240328,995696.1062146997,0.0,0.0,0.0,0.0
20240329,995696.1062146997,0.0,0.0,0.0,0.0
20240401,995696.1062146997,0.0,0.0,0.0,0.0
20240402,995696.1062146997,0.0,0.0,0.0,0.0
20240403,995696.1062146997,0.0,0.0,0.0,0.0
20240408,995696.1062146997,0.0,0.0,0.0,0.0
20240409,995696.1062146997,0.0,0.0,0.0,0.0
20240410,995696.1062146997,0.0,0.0,0.0,0.0
20240411,995696.1062146997,0.0,0.0,0.0,0.0
20240412,995696.1062146997,0.0,0.0,0.0,0.0
20240415,995696.1062146997,0.0,0.0,0.0,0.0
20240416,995696.1062146997,0.0,0.0,0.0,0.0
20240417,995696.1062146997,0.0,0.0,0.0,0.0
20240418,995696.1062146997,0.0,0.0,0.0,0.0
20240419,995696.1062146997,0.0,0.0,0.0,0.0
20240422,995696.1062146997,0.0,0.0,0.0,0.0
20240423,995696.1062146997,0.0,0.0,0.0,0.0
20240424,995696.1062146997,0.0,0.0,0.0,0.0
20240425,995696.1062146997,0.0,0.0,0.0,0.0
20240426,995696.1062146997,0.0,0.0,0.0,0.0
20240429,995696.1062146997,0.0,0.0,0.0,0.0
20240430,995696.1062146997,0.0,0.0,0.0,0.0
20240506,995696.1062146997,0.0,0.0,0.0,0.0
20240507,995696.1062146997,0.0,0.0,0.0,0.0
20240508,995696.1062146997,0.0,0.0,0.0,0.0
20240509,995696.1062146997,0.0,0.0,0.0,0.0
20240510,995696.1062146997,0.0,0.0,0.0,0.0
20240513,995696.1062146997,0.0,0.0,0.0,0.0
20240514,995696.1062146997,0.0,0.0,0.0,0.0
20240515,995696.1062146997,0.0,0.0,0.0,0.0
20240516,995696.1062146997,0.0,0.0,0.0,0.0
20240517,995696.1062146997,0.0,0.0,0.0,0.0
20240520,995696.1062146997,0.0,0.0,0.0,0.0
20240521,995696.1062146997,0.0,0.0,0.0,0.0
20240522,995696.1062146997,0.0,0.0,0.0,0.0
20240523,995696.1062146997,0.0,0.0,0.0,0.0
20240524,995696.1062146997,0.0,0.0,0.0,0.0
20240527,995696.1062146997,0.0,0.0,0.0,0.0
20240528,995696.1062146997,0.0,0.0,0.0,0.0
20240529,995696.1062146997,0.0,0.0,0.0,0.0
20240530,995696.1062146997,0.0,0.0,0.0,0.0
20240531,995696.1062146997,0.0,0.0,0.0,0.0
20240603,995696.1062146997,0.0,0.0,0.0,0.0
20240604,995696.1062146997,0.0,0.0,0.0,0.0
20240605,995696.1062146997,0.0,0.0,0.0,0.0
20240606,995696.1062146997,0.0,0.0,0.0,0.0
20240607,995696.1062146997,0.0,0.0,0.0,0.0
20240611,995696.1062146997,0.0,0.0,0.0,0.0
20240612,995696.1062146997,0.0,0.0,0.0,0.0
20240613,995696.1062146997,0.0,0.0,0.0,0.0
20240614,995696.1062146997,0.0,0.0,0.0,0.0
20240617,995696.1062146997,0.0,0.0,0.0,0.0
20240618,995696.1062146997,0.0,0.0,0.0,0.0
20240619,995696.1062146997,0.0,0.0,0.0,0.0
20240620,995696.1062146997,0.0,0.0,0.0,0.0
20240621,995696.1062146997,0.0,0.0,0.0,0.0
20240624,995696.1062146997,0.0,0.0,0.0,0.0
20240625,995696.1062146997,0.0,0.0,0.0,0.0
20240626,995696.1062146997,0.0,0.0,0.0,0.0
20240627,995696.1062146997,0.0,0.0,0.0,0.0
20240628,995696.1062146997,0.0,0.0,0.0,0.0
20240701,995696.1062146997,0.0,0.0,0.0,0.0
20240702,995696.1062146997,0.0,0.0,0.0,0.0
20240703,995696.1062146997,0.0,0.0,0.0,0.0
20240704,995696.1062146997,0.0,0.0,0.0,0.0
20240705,995696.1062146997,0.0,0.0,0.0,0.0
20240708,995696.1062146997,0.0,0.0,0.0,0.0
20240709,995696.1062146997,0.0,0.0,0.0,0.0
20240710,995696.1062146997,0.0,0.0,0.0,0.0
20240711,995696.1062146997,0.0,0.0,0.0,0.0
20240712,995696.1062146997,0.0,0.0,0.0,0.0
20240715,995696.1062146997,0.0,0.0,0.0,0.0
20240716,995696.1062146997,0.0,0.0,0.0,0.0
20240717,995696.1062146997,0.0,0.0,0.0,0.0
20240718,995696.1062146997,0.0,0.0,0.0,0.0
20240719,995696.1062146997,0.0,0.0,0.0,0.0
20240722,995696.1062146997,0.0,0.0,0.0,0.0
20240723,995696.1062146997,0.0,0.0,0.0,0.0
20240724,995696.1062146997,0.0,0.0,0.0,0.0
20240725,995696.1062146997,0.0,0.0,0.0,0.0
20240726,995696.1062146997,-5.400216600042768,8218.0,0.0,8218.0
20240729,995736.7059980996,46.0,0.0,0.0,8264.0
20240730,995738.7059980996,2.0,0.0,0.0,8266.0
20240731,995984.7059980996,246.0,0.0,0.0,8512.0
20240801,995974.7059980996,-10.0,0.0,0.0,8502.0
20240802,995836.7059980996,-138.0,0.0,0.0,8364.0
20240805,995872.7059980996,36.0,0.0,0.0,8400.0
20240806,995652.7059980996,-220.0,0.0,0.0,8180.0
20240807,995612.7059980996,-40.0,0.0,0.0,8140.000000000001
20240808,995636.7059980996,18.605724800028838,8095.999999999999,0.0,16260.0
20240809,995553.3117228997,-78.0,0.0,0.0,16182.0
20240812,995561.3117228997,8.0,0.0,0.0,16190.0
20240813,995573.3117228997,12.0,0.0,0.0,16202.0
20240814,995493.3117228997,-80.0,0.0,0.0,16122.0
20240815,995739.3117228997,246.0,0.0,0.0,16368.0
20240816,995897.3117228997,158.0,0.0,0.0,16526.0
20240819,995933.3117228997,36.0,0.0,0.0,16562.0
20240820,995947.3117228997,14.0,0.0,0.0,16576.0
20240821,995931.3117228997,-16.0,0.0,0.0,16560.0
20240822,995965.3117228997,34.0,0.0,0.0,16594.0
20240823,996449.3117228997,484.0,0.0,0.0,17078.0
20240826,996455.3117228997,6.0,0.0,0.0,17084.0
20240827,996355.3117228997,-100.0,0.0,0.0,16984.0
20240828,995769.3117228997,-213.19999999995343,0.0,0.0,16398.0
20240829,996030.1117228997,-112.0,0.0,0.0,16286.0
20240830,996490.1117228997,460.0,0.0,0.0,16746.0
20240902,996444.1117228997,-46.0,0.0,0.0,16700.0
20240903,996512.1117228997,68.0,0.0,0.0,16768.0
20240904,996378.1117228997,-134.0,0.0,0.0,16634.0
20240905,996496.1117228997,118.0,0.0,0.0,16752.0
20240906,996386.1117228997,-110.0,0.0,0.0,16642.0
20240909,996060.1117228997,-326.0,0.0,0.0,16316.0
20240910,996076.1117228997,16.0,0.0,0.0,16332.0
20240911,996066.1117228997,-10.0,0.0,0.0,16322.0
20240912,995996.1117228997,-70.0,0.0,0.0,16252.0
20240913,996170.1117228997,174.0,0.0,0.0,16426.0
20240918,996588.1117228997,418.0,0.0,0.0,16844.0
20240919,996680.1117228997,92.0,0.0,0.0,16936.0
20240920,996788.1117228997,108.0,0.0,0.0,17044.0
20240923,996848.1117228997,60.0,0.0,0.0,17104.0
20240924,997340.1117228997,492.0,0.0,0.0,17596.0
20240925,997712.1117228997,372.0,0.0,0.0,17968.0
20240926,998704.1117228997,992.0,0.0,0.0,18960.0
20240927,999004.1117228997,300.0,0.0,0.0,19260.0
20240930,1000750.1117228997,1746.0,0.0,0.0,21006.0
20241008,1002390.1117228997,1622.0527498000301,0.0,12346.0,10300.0
20241009,1001658.1644726997,-714.0,0.0,0.0,9586.0
20241010,1002002.1644726997,344.0,0.0,0.0,9930.0
20241011,1001790.1644726997,-212.0,0.0,0.0,9718.0
20241014,1002040.1644726997,250.0,0.0,0.0,9968.0
20241015,1001786.1644726997,-254.0,0.0,0.0,9714.0
20241016,1001566.1644726997,-220.0,0.0,0.0,9494.0
20241017,1001394.1644726997,-172.0,0.0,0.0,9322.0
20241018,1001532.1644726997,138.0,0.0,0.0,9460.0
20241021,1001472.1644726997,-60.0,0.0,0.0,9400.0
20241022,1001628.1644726997,156.0,0.0,0.0,9556.0
20241023,1001658.1644726997,30.0,0.0,0.0,9586.0
20241024,1001548.1644726997,-110.0,0.0,0.0,9476.0
20241025,1001470.1644726997,-78.0,0.0,0.0,9398.0
20241028,1001424.1644726997,-46.0,0.0,0.0,9352.0
20241029,1001390.1644726997,-34.0,0.0,0.0,9318.0
20241030,1001228.1644726997,-162.0,0.0,0.0,9156.0
20241031,1000772.1644726997,-456.0,0.0,0.0,8700.0
20241101,1000776.1644726997,4.0,0.0,0.0,8704.0
20241104,1000732.1644726997,-44.0,0.0,0.0,8660.0
20241105,1000852.1644726997,120.0,0.0,0.0,8780.0
20241106,1000640.1644726997,-212.0,0.0,0.0,8568.0
20241107,1000924.1644726997,284.0,0.0,0.0,8852.0
20241108,1000922.1644726997,-2.0,0.0,0.0,8850.0
20241111,1000822.1644726997,-100.0,0.0,0.0,8750.0
20241112,1000812.1644726997,-10.0,0.0,0.0,8740.0
20241113,1000856.1644726997,44.0,0.0,0.0,8784.0
20241114,1000816.1644726997,-40.0,0.0,0.0,8744.0
20241115,1000696.1644726997,-120.0,0.0,0.0,8624.0
20241118,1000646.1644726997,-50.0,0.0,0.0,8574.0
20241119,1000658.1644726997,12.0,0.0,0.0,8586.0
20241120,1000618.1644726997,-40.0,0.0,0.0,8546.0
20241121,1000534.1644726997,-84.0,0.0,0.0,8462.0
20241122,1000332.1644726997,-202.0,0.0,0.0,8260.0
20241125,1000266.1644726997,-66.0,0.0,0.0,8194.0
20241126,1000308.1644726997,42.0,0.0,0.0,8236.0
20241127,1000490.1644726997,182.0,0.0,0.0,8418.0
20241128,1000392.1644726997,-98.0,0.0,0.0,8320.0
20241129,1000488.1644726997,96.0,0.0,0.0,8416.0
20241202,1000480.1644726997,-8.0,0.0,0.0,8408.0
20241203,1000542.1644726997,62.0,0.0,0.0,8470.0
20241204,1000598.1644726997,56.0,0.0,0.0,8526.0
20241205,1000536.1644726997,-62.0,0.0,0.0,8464.0
20241206,1000526.1644726997,-10.0,0.0,0.0,8454.0
20241209,1000542.1644726997,16.0,0.0,0.0,8470.0
20241210,1000668.1644726997,126.0,0.0,0.0,8596.0
20241211,1000734.1644726997,66.0,0.0,0.0,8662.0
20241212,1000764.1644726997,30.0,0.0,0.0,8692.0
20241213,1000672.1644726997,-92.0,0.0,0.0,8600.0
20241216,1000648.1644726997,-24.0,0.0,0.0,8576.0
20241217,1000672.1644726997,24.0,0.0,0.0,8600.0
20241218,1000762.1644726997,90.0,0.0,0.0,8690.0
20241219,1000802.1644726997,40.0,0.0,0.0,8730.0
20241220,1000724.1644726997,-78.0,0.0,0.0,8652.0
20241223,1000970.1644726997,246.0,0.0,0.0,8898.0
20241224,1001188.1644726997,218.0,0.0,0.0,9116.0
20241225,1001160.1644726997,-28.0,0.0,0.0,9088.0
20241226,1001160.1644726997,0.0,0.0,0.0,9088.0
20241227,1001084.1644726997,-76.0,0.0,0.0,9012.0
20241230,1001186.1644726997,102.0,0.0,0.0,9114.0
20241231,1001162.1644726997,-24.0,0.0,0.0,9090.0
20250102,1001340.1644726997,178.0,0.0,0.0,9268.0
20250103,1001220.1644726997,-120.0,0.0,0.0,9148.0
20250106,1001276.1644726997,56.0,0.0,0.0,9204.0
20250107,1001202.1644726997,-74.0,0.0,0.0,9130.0
20250108,1001520.1644726997,318.0,0.0,0.0,9448.0
20250109,1001572.1644726997,52.0,0.0,0.0,9500.0
20250110,1001352.1644726997,-220.0,0.0,0.0,9280.0
20250113,1001052.1644726997,-300.0,0.0,0.0,8980.0
20250114,1001200.1644726997,148.0,0.0,0.0,9128.0
20250115,1001290.1644726997,90.0,0.0,0.0,9218.0
20250116,1001332.1644726997,42.0,0.0,0.0,9260.0
20250117,1001272.1644726997,-60.0,0.0,0.0,9200.0
20250120,1001088.1644726997,-184.0,0.0,0.0,9016.0
20250121,1001024.1644726997,-64.0,0.0,0.0,8952.0
20250122,1000884.1644726997,-140.0,0.0,0.0,8812.0
20250123,1000926.1644726997,42.0,0.0,0.0,8854.0
20250124,1000964.1644726997,38.0,0.0,0.0,8892.0
20250127,1001050.1644726997,86.0,0.0,0.0,8978.0
20250205,1000838.1644726997,-212.0,0.0,0.0,8766.0
20250206,1000800.1644726997,-38.0,0.0,0.0,8728.0
20250207,1000896.1644726997,96.0,0.0,0.0,8824.0
20250210,1000848.1644726997,-48.0,0.0,0.0,8776.0
20250211,1000804.1644726997,-44.0,0.0,0.0,8732.0
20250212,1000824.1644726997,20.0,0.0,0.0,8752.0
20250213,1000836.1644726997,12.0,0.0,0.0,8764.0
20250214,1000870.1644726997,34.0,0.0,0.0,8798.0
20250217,1000806.1644726997,-64.0,0.0,0.0,8734.0
20250218,1000678.1644726997,-128.0,0.0,0.0,8606.0
20250219,1000460.1644726997,-218.0,0.0,0.0,8388.0
20250220,1000442.1644726997,-18.0,0.0,0.0,8370.0
20250221,1000344.1644726997,-98.0,0.0,0.0,8272.0
20250224,1000326.1644726997,-18.0,0.0,0.0,8254.0
20250225,1000172.1644726997,-154.0,0.0,0.0,8100.0
20250226,1000256.1644726997,84.0,0.0,0.0,8184.0
20250227,1000358.1644726997,102.0,0.0,0.0,8286.0
20250228,1000242.1644726997,-116.0,0.0,0.0,8170.0
20250303,1000184.1644726997,-58.0,0.0,0.0,8112.0
20250304,1000410.1644726997,226.0,0.0,0.0,8338.0
20250305,1000484.1644726997,74.0,0.0,0.0,8412.0
20250306,1000494.1644726997,10.0,0.0,0.0,8422.0
20250307,1000444.1644726997,-50.0,0.0,0.0,8372.0
20250310,1000522.1644726997,78.0,0.0,0.0,8450.0
20250311,1000542.1644726997,20.0,0.0,0.0,8470.0
20250312,1000496.1644726997,-46.0,0.0,0.0,8424.0
20250313,1000578.1644726997,82.0,0.0,0.0,8506.0
20250314,1000712.1644726997,134.0,0.0,0.0,8640.0
20250317,1000732.1644726997,20.0,0.0,0.0,8660.0
20250318,1000826.1644726997,94.0,0.0,0.0,8754.0
20250319,1000794.1644726997,-32.0,0.0,0.0,8722.0
20250320,1000614.1644726997,-180.0,0.0,0.0,8542.0
20250321,1000820.1644726997,206.0,0.0,0.0,8748.0
20250324,1001068.1644726997,248.0,0.0,0.0,8996.0
20250325,1001104.1644726997,36.0,0.0,0.0,9032.0
20250326,1001062.1644726997,-42.0,0.0,0.0,8990.0
20250327,1001110.1644726997,48.0,0.0,0.0,9038.0
20250328,1001128.1644726997,18.0,0.0,0.0,9056.0
20250331,1001164.1644726997,36.0,0.0,0.0,9092.0
20250401,1001098.1644726997,-66.0,0.0,0.0,9026.0
20250402,1001106.1644726997,8.0,0.0,0.0,9034.0
20250403,1001142.1644726997,36.0,0.0,0.0,9070.0
20250407,1000732.1644726997,-410.0,0.0,0.0,8660.0
20250408,1000996.1644726997,264.0,0.0,0.0,8924.0
20250409,1001046.1644726997,50.0,0.0,0.0,8974.0
20250410,1001034.1644726997,-12.0,0.0,0.0,8962.0
20250411,1001092.1644726997,58.0,0.0,0.0,9020.0
20250414,1000850.1644726997,-242.0,0.0,0.0,8778.0
20250415,1001044.1644726997,194.0,0.0,0.0,8972.0
20250416,1001128.1644726997,84.0,0.0,0.0,9056.0
20250417,1001068.1644726997,-60.0,0.0,0.0,8996.0
20250418,1001132.1644726997,64.0,0.0,0.0,9060.0
20250421,1001110.1644726997,-22.0,0.0,0.0,9038.0
20250422,1001182.1644726997,57.44634300004691,0.0,9110.0,0.0
20250423,1001167.6108156998,0.0,0.0,0.0,0.0
20250424,1001167.6108156998,0.0,0.0,0.0,0.0
20250425,1001167.6108156998,0.0,0.0,0.0,0.0
20250428,1001167.6108156998,0.0,0.0,0.0,0.0
20250429,1001167.6108156998,0.0,0.0,0.0,0.0
20250430,1001167.6108156998,0.0,0.0,0.0,0.0
20250506,1001167.6108156998,0.0,0.0,0.0,0.0
20250507,1001167.6108156998,0.0,0.0,0.0,0.0
20250508,1001167.6108156998,0.0,0.0,0.0,0.0
20250509,1001167.6108156998,0.0,0.0,0.0,0.0
20250512,1001167.6108156998,0.0,0.0,0.0,0.0
20250513,1001167.6108156998,0.0,0.0,0.0,0.0
20250514,1001167.6108156998,0.0,0.0,0.0,0.0
20250515,1001167.6108156998,0.0,0.0,0.0,0.0
20250516,1001167.6108156998,0.0,0.0,0.0,0.0
20250519,1001167.6108156998,0.0,0.0,0.0,0.0
20250520,1001167.6108156998,0.0,0.0,0.0,0.0
20250521,1001167.6108156998,0.0,0.0,0.0,0.0
20250522,1001167.6108156998,0.0,0.0,0.0,0.0
20250523,1001167.6108156998,0.0,0.0,0.0,0.0
20250526,1001167.6108156998,0.0,0.0,0.0,0.0
20250527,1001167.6108156998,0.0,0.0,0.0,0.0
20250528,1001167.6108156998,0.0,0.0,0.0,0.0
20250529,1001167.6108156998,0.0,0.0,0.0,0.0
20250530,1001167.6108156998,0.0,0.0,0.0,0.0
20250603,1001167.6108156998,0.0,0.0,0.0,0.0
20250604,1001167.6108156998,0.0,0.0,0.0,0.0
20250605,1001167.6108156998,0.0,0.0,0.0,0.0
20250606,1001167.6108156998,0.0,0.0,0.0,0.0
20250609,1001167.6108156998,0.0,0.0,0.0,0.0
20250610,1001167.6108156998,0.0,0.0,0.0,0.0
20250611,1001167.6108156998,0.0,0.0,0.0,0.0
20250612,1001167.6108156998,0.0,0.0,0.0,0.0
20250613,1001167.6108156998,0.0,0.0,0.0,0.0
20250616,1001167.6108156998,0.0,0.0,0.0,0.0
20250617,1001167.6108156998,0.0,0.0,0.0,0.0
20250618,1001167.6108156998,0.0,0.0,0.0,0.0
20250619,1001167.6108156998,0.0,0.0,0.0,0.0
20250620,1001167.6108156998,0.0,0.0,0.0,0.0
20250623,1001167.6108156998,0.0,0.0,0.0,0.0
20250624,1001167.6108156998,0.0,0.0,0.0,0.0
20250625,1001167.6108156998,0.0,0.0,0.0,0.0
20250626,1001167.6108156998,0.0,0.0,0.0,0.0
20250627,1001167.6108156998,0.0,0.0,0.0,0.0
20250630,1001167.6108156998,0.0,0.0,0.0,0.0
20250701,1001167.6108156998,0.0,0.0,0.0,0.0
20250702,1001167.6108156998,0.0,0.0,0.0,0.0
20250703,1001167.6108156998,0.0,0.0,0.0,0.0
20250704,1001167.6108156998,0.0,0.0,0.0,0.0
20250707,1001167.6108156998,0.0,0.0,0.0,0.0
20250708,1001167.6108156998,0.0,0.0,0.0,0.0
20250709,1001167.6108156998,0.0,0.0,0.0,0.0
20250710,1001167.6108156998,0.0,0.0,0.0,0.0
20250711,1001167.6108156998,0.0,0.0,0.0,0.0
20250714,1001167.6108156998,0.0,0.0,0.0,0.0
20250715,1001167.6108156998,0.0,0.0,0.0,0.0
20250716,1001167.6108156998,0.0,0.0,0.0,0.0
20250717,1001167.6108156998,0.0,0.0,0.0,0.0
20250718,1001167.6108156998,0.0,0.0,0.0,0.0
20250721,1001167.6108156998,0.0,0.0,0.0,0.0
20250722,1001167.6108156998,0.0,0.0,0.0,0.0
20250723,1001167.6108156998,0.0,0.0,0.0,0.0
20250724,1001167.6108156998,0.0,0.0,0.0,0.0
20250725,1001167.6108156998,0.0,0.0,0.0,0.0
20250728,1001167.6108156998,0.0,0.0,0.0,0.0
20250729,1001167.6108156998,0.0,0.0,0.0,0.0
20250730,1001167.6108156998,0.0,0.0,0.0,0.0
20250731,1001167.6108156998,0.0,0.0,0.0,0.0
20250801,1001167.6108156998,0.0,0.0,0.0,0.0
20250804,1001167.6108156998,0.0,0.0,0.0,0.0
20250805,1001167.6108156998,0.0,0.0,0.0,0.0
20250806,1001167.6108156998,0.0,0.0,0.0,0.0
20250807,1001167.6108156998,0.0,0.0,0.0,0.0
20250808,1001167.6108156998,0.0,0.0,0.0,0.0
20250811,1001167.6108156998,0.0,0.0,0.0,0.0
20250812,1001167.6108156998,0.0,0.0,0.0,0.0
20250813,1001167.6108156998,0.0,0.0,0.0,0.0
20250814,1001167.6108156998,0.0,0.0,0.0,0.0
20250815,1001167.6108156998,0.0,0.0,0.0,0.0
20250818,1001167.6108156998,0.0,0.0,0.0,0.0
20250819,1001167.6108156998,0.0,0.0,0.0,0.0
20250820,1001167.6108156998,0.0,0.0,0.0,0.0
20250821,1001167.6108156998,0.0,0.0,0.0,0.0
20250822,1001167.6108156998,0.0,0.0,0.0,0.0
20250825,1001167.6108156998,0.0,0.0,0.0,0.0
20250826,1001167.6108156998,0.0,0.0,0.0,0.0
20250827,1001167.6108156998,0.0,0.0,0.0,0.0
20250828,1001167.6108156998,0.0,0.0,0.0,0.0
20250829,1001167.6108156998,0.0,0.0,0.0,0.0
20250901,1001167.6108156998,0.0,0.0,0.0,0.0
20250902,1001167.6108156998,0.0,0.0,0.0,0.0
20250903,1001167.6108156998,0.0,0.0,0.0,0.0
20250904,1001167.6108156998,0.0,0.0,0.0,0.0
20250905,1001167.6108156998,0.0,0.0,0.0,0.0
20250908,1001167.6108156998,0.0,0.0,0.0,0.0
20250909,1001167.6108156998,0.0,0.0,0.0,0.0
20250910,1001167.6108156998,0.0,0.0,0.0,0.0
20250911,1001167.6108156998,0.0,0.0,0.0,0.0
20250912,1001167.6108156998,0.0,0.0,0.0,0.0
20250915,1001167.6108156998,0.0,0.0,0.0,0.0
20250916,1001167.6108156998,0.0,0.0,0.0,0.0
20250917,1001167.6108156998,0.0,0.0,0.0,0.0
20250918,1001167.6108156998,0.0,0.0,0.0,0.0
20250919,1001167.6108156998,0.0,0.0,0.0,0.0
20250922,1001167.6108156998,0.0,0.0,0.0,0.0
20250923,1001167.6108156998,0.0,0.0,0.0,0.0
20250924,1001167.6108156998,0.0,0.0,0.0,0.0
20250925,1001167.6108156998,0.0,0.0,0.0,0.0
20250926,1001167.6108156998,0.0,0.0,0.0,0.0
20250929,1001167.6108156998,0.0,0.0,0.0,0.0
20250930,1001167.6108156998,0.0,0.0,0.0,0.0
20251009,1001167.6108156998,0.0,0.0,0.0,0.0
20251010,1001167.6108156998,-5.391353199956939,8036.0,0.0,8036.0
20251013,1001148.2194624998,-14.0,0.0,0.0,8022.0
20251014,1001378.2194624998,230.0,0.0,0.0,8252.0
20251015,1001426.2194624998,48.0,0.0,0.0,8300.0
20251016,1001512.2194624998,86.0,0.0,0.0,8386.0
20251017,1001444.2194624998,-68.0,0.0,0.0,8318.0
20251020,1001410.2194624998,-34.0,0.0,0.0,8284.0
20251021,1001522.2194624998,112.0,0.0,0.0,8396.0
20251022,1001516.2194624998,-6.0,0.0,0.0,8390.0
20251023,1001574.2194624998,58.0,0.0,0.0,8448.0
20251024,1001516.2194624998,-58.0,0.0,0.0,8390.0
20251027,1001444.2194624998,-72.0,0.0,0.0,8318.0
20251028,1001446.2194624998,2.0,0.0,0.0,8320.0
20251029,1001280.2194624998,-166.0,0.0,0.0,8154.000000000001
20251030,1001366.2194624998,86.0,0.0,0.0,8240.0
20251031,1001304.2194624998,-62.0,0.0,0.0,8178.0
20251103,1001484.2194624998,180.0,0.0,0.0,8358.0
20251104,1001728.2194624998,244.0,0.0,0.0,8602.0
20251105,1001686.2194624998,-42.0,0.0,0.0,8560.0
20251106,1001594.2194624998,-92.0,0.0,0.0,8468.0
20251107,1001628.2194624998,34.0,0.0,0.0,8502.0
20251110,1001670.2194624998,42.0,0.0,0.0,8544.0
20251111,1001718.2194624998,48.0,0.0,0.0,8592.0
20251112,1001712.2194624998,-6.0,0.0,0.0,8586.0
20251113,1001768.2194624998,56.0,0.0,0.0,8642.0
20251114,1001776.2194624998,8.0,0.0,0.0,8650.0
20251117,1001656.2194624998,-120.0,0.0,0.0,8530.0
20251118,1001702.2194624998,46.0,0.0,0.0,8576.0
20251119,1001770.2194624998,68.0,0.0,0.0,8644.0
20251120,1001772.2194624998,2.0,0.0,0.0,8646.0
20251121,1001726.2194624998,-46.0,0.0,0.0,8600.0
20251124,1001652.2194624998,-74.0,0.0,0.0,8526.0
20251125,1001776.2194624998,124.0,0.0,0.0,8650.0
20251126,1001776.2194624998,0.0,0.0,0.0,8650.0
20251127,1001764.2194624998,-12.0,0.0,0.0,8638.0
20251128,1001716.2194624998,-48.0,0.0,0.0,8590.0
20251201,1001814.2194624998,98.0,0.0,0.0,8688.0
20251202,1001802.2194624998,-12.0,0.0,0.0,8676.0
20251203,1001728.2194624998,-74.0,0.0,0.0,8602.0
20251204,1001770.2194624998,42.0,0.0,0.0,8644.0
20251205,1001816.2194624998,46.0,0.0,0.0,8690.0
20251208,1001762.2194624998,-54.0,0.0,0.0,8636.0
20251209,1001734.2194624998,-28.0,0.0,0.0,8608.0
20251210,1001466.2194624998,-268.0,0.0,0.0,8340.0
20251211,1001462.2194624998,-4.0,0.0,0.0,8336.0
20251212,1001474.2194624998,12.0,0.0,0.0,8348.0
20251215,1001486.2194624998,12.0,0.0,0.0,8360.0
20251216,1001466.2194624998,-20.0,0.0,0.0,8340.0
20251217,1001430.2194624998,-36.0,0.0,0.0,8304.0
20251218,1001600.2194624998,170.0,0.0,0.0,8474.0
20251219,1001524.2194624998,-76.0,0.0,0.0,8398.0
20251222,1001480.2194624998,-57.76083980000112,0.0,8354.0,0.0
20251223,1001466.4586226998,0.0,0.0,0.0,0.0
20251224,1001466.4586226998,0.0,0.0,0.0,0.0
20251225,1001466.4586226998,0.0,0.0,0.0,0.0
20251226,1001466.4586226998,0.0,0.0,0.0,0.0
20251229,1001466.4586226998,0.0,0.0,0.0,0.0
20251230,1001466.4586226998,0.0,0.0,0.0,0.0
20251231,1001466.4586226998,-5.391742800013162,8044.0,0.0,8044.0
