date,stock_code,name,amount,market_value,cost_basis
20210323,601318.SS,中国平安,100,8005.0,80.1
20210324,601318.SS,中国平安,100,7901.0,80.1
20210325,601318.SS,中国平安,100,7920.0,80.1
20210326,601318.SS,中国平安,100,8001.0,80.1
20210329,601318.SS,中国平安,100,7913.0,80.1
20210330,601318.SS,中国平安,100,7937.0,80.1
20210331,601318.SS,中国平安,100,7870.0,80.1
20210401,601318.SS,中国平安,100,7920.0,80.1
20210402,601318.SS,中国平安,100,7888.0,80.1
20210406,601318.SS,中国平安,100,7903.0,80.1
20210407,601318.SS,中国平安,100,7845.0,80.1
20210408,601318.SS,中国平安,100,7863.0,80.1
20210408,000651.SZ,格力电器,100,6185.0,61.9
20210409,601318.SS,中国平安,100,7716.0,80.1
20210409,000651.SZ,格力电器,100,6165.0,61.9
20210412,601318.SS,中国平安,100,7716.0,80.1
20210412,000651.SZ,格力电器,100,6020.0,61.9
20210413,601318.SS,中国平安,100,7656.0,80.1
20210413,000651.SZ,格力电器,100,5917.0,61.9
20210414,601318.SS,中国平安,100,7715.0,80.1
20210414,000651.SZ,格力电器,100,5992.0,61.9
20210415,601318.SS,中国平安,100,7581.0,80.1
20210415,000651.SZ,格力电器,100,6053.0,61.9
20210416,601318.SS,中国平安,100,7570.0,80.1
20210416,000651.SZ,格力电器,100,6088.0,61.9
20210419,601318.SS,中国平安,100,7618.0,80.1
20210419,000651.SZ,格力电器,100,6088.0,61.9
20210420,601318.SS,中国平安,100,7600.0,80.1
20210420,000651.SZ,格力电器,100,5998.0,61.9
20210421,601318.SS,中国平安,100,7562.0,80.1
20210421,000651.SZ,格力电器,100,5962.0,61.9
20210422,601318.SS,中国平安,100,7437.0,80.1
20210422,000651.SZ,格力电器,100,5911.0,61.9
20210423,601318.SS,中国平安,100,7426.0,80.1
20210423,000651.SZ,格力电器,100,5981.0,61.9
20210426,601318.SS,中国平安,100,7289.0,80.1
20210426,000651.SZ,格力电器,100,5850.0,61.9
20210427,601318.SS,中国平安,100,7327.0,80.1
20210427,000651.SZ,格力电器,100,5798.0,61.9
20210428,601318.SS,中国平安,100,7281.0,80.1
20210428,000651.SZ,格力电器,100,5806.0,61.9
20210429,601318.SS,中国平安,100,7382.0,80.1
20210429,000651.SZ,格力电器,100,5951.0,61.9
20210430,601318.SS,中国平安,100,7250.0,80.1
20210430,000651.SZ,格力电器,100,5991.0,61.9
20210506,601318.SS,中国平安,100,7053.0,80.1
20210506,000651.SZ,格力电器,100,5996.0,61.9
20210507,000651.SZ,格力电器,100,5956.0,61.9
20210510,000651.SZ,格力电器,100,5984.0,61.9
20210511,000651.SZ,格力电器,100,5990.0,61.9
20210512,000651.SZ,格力电器,100,5908.0,61.9
20210513,000651.SZ,格力电器,100,5738.0,61.9
20210514,000651.SZ,格力电器,100,5774.0,61.9
20210517,000651.SZ,格力电器,100,5829.0,61.9
20210518,000651.SZ,格力电器,100,5793.0,61.9
20210519,000651.SZ,格力电器,100,5741.0,61.9
20210520,000651.SZ,格力电器,100,5800.0,61.9
20210521,000651.SZ,格力电器,100,5750.0,61.9
20210524,000651.SZ,格力电器,100,5680.0,61.9
20210525,000651.SZ,格力电器,100,5589.0,61.9
20210526,000651.SZ,格力电器,100,5619.0,61.9
20210527,000651.SZ,格力电器,100,5804.0,61.9
20210528,000651.SZ,格力电器,100,5699.0,61.9
20210531,000651.SZ,格力电器,100,5630.0,61.9
20210601,000651.SZ,格力电器,200,11260.0,59.13
20210602,000651.SZ,格力电器,200,11210.0,59.13
20210603,000651.SZ,格力电器,200,11196.0,59.13
20210604,000651.SZ,格力电器,200,11196.0,59.13
20210607,000651.SZ,格力电器,200,11072.0,59.13
20210608,000651.SZ,格力电器,200,11046.0,59.13
20210609,000651.SZ,格力电器,200,11046.0,59.13
20210610,000651.SZ,格力电器,200,11002.0,59.13
20210611,000651.SZ,格力电器,200,10924.0,59.13
20210615,000651.SZ,格力电器,200,11074.0,59.13
20210616,000651.SZ,格力电器,200,11036.0,59.13
20210617,000651.SZ,格力电器,200,10940.0,59.13
20210618,000651.SZ,格力电器,200,10736.0,59.13
20210621,000651.SZ,格力电器,100,5111.0,59.13
20210824,601318.SS,中国平安,100,5180.0,51.85
20210825,601318.SS,中国平安,100,5158.0,51.85
20210826,601318.SS,中国平安,100,5030.0,51.85
20210827,601318.SS,中国平安,100,5200.0,51.85
20210830,601318.SS,中国平安,100,5071.0,51.85
20210831,601318.SS,中国平安,100,4990.0,51.85
20210831,000651.SZ,格力电器,200,8220.0,41.13
20210901,000651.SZ,格力电器,200,8332.0,41.13
20210902,000651.SZ,格力电器,200,8094.0,41.13
20210903,000651.SZ,格力电器,200,8118.0,41.13
20210906,000651.SZ,格力电器,200,8278.0,41.13
20210907,000651.SZ,格力电器,200,8350.0,41.13
20210908,000651.SZ,格力电器,200,8306.0,41.13
20210909,000651.SZ,格力电器,200,8292.0,41.13
20210910,000651.SZ,格力电器,200,8248.0,41.13
20210913,000651.SZ,格力电器,200,8160.0,41.13
20210914,000651.SZ,格力电器,200,8042.0,41.13
20210915,000651.SZ,格力电器,200,7798.0,41.13
20210916,000651.SZ,格力电器,200,7642.0,41.13
20211027,601318.SS,中国平安,100,5165.0,51.7
20211028,601318.SS,中国平安,100,5130.0,51.7
20211029,601318.SS,中国平安,100,4957.0,51.7
20211101,601318.SS,中国平安,100,5012.0,51.7
20211102,601318.SS,中国平安,100,5001.0,51.7
20211103,601318.SS,中国平安,100,5005.0,51.7
20211104,601318.SS,中国平安,100,4970.0,51.7
20211105,601318.SS,中国平安,100,4993.0,51.7
20211108,601318.SS,中国平安,100,5040.0,51.7
20211109,601318.SS,中国平安,100,4969.0,51.7
20211110,601318.SS,中国平安,100,4913.0,51.7
20211111,601318.SS,中国平安,100,5115.0,51.7
20211112,601318.SS,中国平安,100,5061.0,51.7
20211115,601318.SS,中国平安,100,5060.0,51.7
20211116,601318.SS,中国平安,100,5036.0,51.7
20211117,601318.SS,中国平安,100,5005.0,51.7
20211118,601318.SS,中国平安,100,4951.0,51.7
20211119,601318.SS,中国平安,100,4996.0,51.7
20211122,601318.SS,中国平安,100,4971.0,51.7
20211123,601318.SS,中国平安,100,4962.0,51.7
20211124,601318.SS,中国平安,100,4975.0,51.7
20211125,601318.SS,中国平安,100,4940.0,51.7
20211126,601318.SS,中国平安,100,4872.0,51.7
20211129,601318.SS,中国平安,100,4866.0,51.7
20211130,601318.SS,中国平安,100,4822.0,51.7
20211201,601318.SS,中国平安,100,4887.0,51.7
20211202,601318.SS,中国平安,100,4888.0,51.7
20211203,601318.SS,中国平安,100,4899.0,51.7
20211206,601318.SS,中国平安,100,4915.0,51.7
20211207,601318.SS,中国平安,100,5039.0,51.7
20211208,601318.SS,中国平安,100,5034.0,51.7
20211209,601318.SS,中国平安,100,5131.0,51.7
20211210,601318.SS,中国平安,100,5122.0,51.7
20211213,601318.SS,中国平安,100,5115.0,51.7
20211214,601318.SS,中国平安,100,5085.0,51.7
20211215,601318.SS,中国平安,100,5070.0,51.7
20211216,601318.SS,中国平安,100,5120.0,51.7
20211217,601318.SS,中国平安,100,5054.0,51.7
20211220,601318.SS,中国平安,100,5028.0,51.7
20211221,601318.SS,中国平安,100,5084.0,51.7
20211222,601318.SS,中国平安,100,5018.0,51.7
20211223,601318.SS,中国平安,100,5022.0,51.7
20211223,600036.SS,招商银行,100,5022.0,50.27
20211224,601318.SS,中国平安,100,4982.0,51.7
20211224,600036.SS,招商银行,100,4986.0,50.27
20211227,601318.SS,中国平安,100,4998.0,51.7
20211227,600036.SS,招商银行,100,4933.0,50.27
20211228,601318.SS,中国平安,100,5087.0,51.7
20211228,600036.SS,招商银行,100,4963.0,50.27
20211229,601318.SS,中国平安,100,5081.0,51.7
20211229,600036.SS,招商银行,100,4762.0,50.27
20211230,601318.SS,中国平安,100,5041.0,51.7
20211230,600036.SS,招商银行,100,4850.0,50.27
20211231,601318.SS,中国平安,100,5041.0,51.7
20211231,600036.SS,招商银行,100,4871.0,50.27
20220104,601318.SS,中国平安,100,5100.0,51.7
20220104,600036.SS,招商银行,100,4835.0,50.27
20220105,601318.SS,中国平安,100,5207.0,51.7
20220106,601318.SS,中国平安,100,5130.0,51.7
20220107,601318.SS,中国平安,100,5294.0,51.7
20220110,601318.SS,中国平安,100,5308.0,51.7
20220111,601318.SS,中国平安,100,5286.0,51.7
20220112,601318.SS,中国平安,100,5250.0,51.7
20220113,601318.SS,中国平安,100,5230.0,51.7
20220114,601318.SS,中国平安,100,5110.0,51.7
20220117,601318.SS,中国平安,100,5094.0,51.7
20220118,601318.SS,中国平安,100,5123.0,51.7
20220119,601318.SS,中国平安,100,5145.0,51.7
20220120,601318.SS,中国平安,100,5340.0,51.7
20220121,601318.SS,中国平安,100,5355.0,51.7
20220124,601318.SS,中国平安,100,5313.0,51.7
20220125,601318.SS,中国平安,100,5120.0,51.7
20220126,601318.SS,中国平安,100,5183.0,51.7
20220127,601318.SS,中国平安,100,5079.0,51.7
20220128,601318.SS,中国平安,100,4997.0,51.7
20220207,601318.SS,中国平安,100,5198.0,51.7
20220208,601318.SS,中国平安,100,5300.0,51.7
20220209,601318.SS,中国平安,100,5304.0,51.7
20220210,601318.SS,中国平安,100,5418.0,51.7
20220211,601318.SS,中国平安,100,5559.0,51.7
20220214,601318.SS,中国平安,100,5390.0,51.7
20220215,601318.SS,中国平安,100,5328.0,51.7
20220216,601318.SS,中国平安,100,5384.0,51.7
20220217,601318.SS,中国平安,100,5365.0,51.7
20220218,601318.SS,中国平安,100,5450.0,51.7
20220221,601318.SS,中国平安,100,5416.0,51.7
20220222,601318.SS,中国平安,100,5307.0,51.7
20220223,601318.SS,中国平安,100,5289.0,51.7
20220224,601318.SS,中国平安,100,5146.0,51.7
20220225,601318.SS,中国平安,100,5140.0,51.7
20220228,601318.SS,中国平安,100,5076.0,51.7
20220301,601318.SS,中国平安,100,5139.0,51.7
20220302,601318.SS,中国平安,100,5076.0,51.7
20220303,601318.SS,中国平安,100,5092.0,51.7
20220304,601318.SS,中国平安,100,5010.0,51.7
20220307,601318.SS,中国平安,100,4888.0,51.7
20220308,601318.SS,中国平安,100,4747.0,51.7
20220309,601318.SS,中国平安,100,4692.0,51.7
20220330,000651.SZ,格力电器,300,9621.0,32.09
20220331,000651.SZ,格力电器,300,9690.0,32.09
20220401,000651.SZ,格力电器,300,9906.0,32.09
20220406,000651.SZ,格力电器,300,9957.0,32.09
20220407,000651.SZ,格力电器,300,9924.0,32.09
20220408,000651.SZ,格力电器,300,9663.0,32.09
20220411,000651.SZ,格力电器,300,9534.0,32.09
20220412,000651.SZ,格力电器,300,9738.0,32.09
20220413,000651.SZ,格力电器,300,9588.0,32.09
20220414,000651.SZ,格力电器,300,9747.0,32.09
20220415,000651.SZ,格力电器,300,9714.0,32.09
20220418,000651.SZ,格力电器,300,9600.0,32.09
20220419,000651.SZ,格力电器,300,9465.0,32.09
20220420,000651.SZ,格力电器,300,9519.0,32.09
20220421,000651.SZ,格力电器,300,9354.0,32.09
20220421,601318.SS,中国平安,200,9244.0,46.25
20220421,600036.SS,招商银行,200,8256.0,41.31
20220422,000651.SZ,格力电器,300,9591.0,32.09
20220422,601318.SS,中国平安,200,9292.0,46.25
20220422,600036.SS,招商银行,200,8500.0,41.31
20220425,000651.SZ,格力电器,300,9213.0,32.09
20220425,601318.SS,中国平安,200,8970.0,46.25
20220425,600036.SS,招商银行,200,7766.0,41.31
20220426,000651.SZ,格力电器,300,9000.0,32.09
20220426,601318.SS,中国平安,200,8718.0,46.25
20220426,600036.SS,招商银行,200,7682.0,41.31
20220427,000651.SZ,格力电器,300,9138.0,32.09
20220427,601318.SS,中国平安,200,8782.0,46.25
20220427,600036.SS,招商银行,200,7608.0,41.31
20220428,000651.SZ,格力电器,300,9093.0,32.09
20220428,601318.SS,中国平安,200,8732.0,46.25
20220428,600036.SS,招商银行,200,7924.0,41.31
20220429,000651.SZ,格力电器,300,9363.0,32.09
20220429,601318.SS,中国平安,200,8912.0,46.25
20220429,600036.SS,招商银行,200,7986.0,41.31
20220505,000651.SZ,格力电器,300,10266.0,32.09
20220505,601318.SS,中国平安,200,9004.0,46.25
20220505,600036.SS,招商银行,200,7852.0,41.31
20220506,000651.SZ,格力电器,300,10188.0,32.09
20220506,601318.SS,中国平安,200,8812.0,46.25
20220506,600036.SS,招商银行,200,7582.0,41.31
20220509,000651.SZ,格力电器,300,10011.0,32.09
20220509,601318.SS,中国平安,200,8870.0,46.25
20220509,600036.SS,招商银行,200,7294.0,41.31
20220510,000651.SZ,格力电器,300,10065.0,32.09
20220510,601318.SS,中国平安,200,8894.0,46.25
20220511,000651.SZ,格力电器,300,9990.0,32.09
20220511,601318.SS,中国平安,200,8946.0,46.25
20220512,000651.SZ,格力电器,300,9975.0,32.09
20220512,601318.SS,中国平安,200,8800.0,46.25
20220513,000651.SZ,格力电器,300,10059.0,32.09
20220513,601318.SS,中国平安,200,8792.0,46.25
20220516,000651.SZ,格力电器,300,9996.0,32.09
20220516,601318.SS,中国平安,200,8672.0,46.25
20220517,000651.SZ,格力电器,300,10008.0,32.09
20220517,601318.SS,中国平安,200,8764.0,46.25
20220518,000651.SZ,格力电器,300,9900.0,32.09
20220518,601318.SS,中国平安,200,8726.0,46.25
20220519,000651.SZ,格力电器,300,9816.0,32.09
20220519,601318.SS,中国平安,200,8658.0,46.25
20220520,000651.SZ,格力电器,300,9969.0,32.09
20220520,601318.SS,中国平安,200,8862.0,46.25
20220523,000651.SZ,格力电器,300,9714.0,32.09
20220523,601318.SS,中国平安,200,8778.0,46.25
20220524,000651.SZ,格力电器,300,9537.0,32.09
20220524,601318.SS,中国平安,200,8628.0,46.25
20220525,000651.SZ,格力电器,300,9531.0,32.09
20220525,601318.SS,中国平安,200,8646.0,46.25
20220526,000651.SZ,格力电器,300,9522.0,32.09
20220526,601318.SS,中国平安,200,8630.0,46.25
20220527,000651.SZ,格力电器,300,9459.0,32.09
20220527,601318.SS,中国平安,200,8706.0,46.25
20220530,000651.SZ,格力电器,300,9552.0,32.09
20220530,601318.SS,中国平安,200,8830.0,46.25
20220531,000651.SZ,格力电器,300,9651.0,32.09
20220531,601318.SS,中国平安,200,8840.0,46.25
20220601,000651.SZ,格力电器,300,9519.0,32.09
20220601,601318.SS,中国平安,200,8834.0,46.25
20220602,000651.SZ,格力电器,300,9456.0,32.09
20220602,601318.SS,中国平安,200,8800.0,46.25
20220606,000651.SZ,格力电器,300,9510.0,32.09
20220606,601318.SS,中国平安,200,8852.0,46.25
20220607,000651.SZ,格力电器,300,9576.0,32.09
20220607,601318.SS,中国平安,200,8830.0,46.25
20220608,000651.SZ,格力电器,300,9543.0,32.09
20220608,601318.SS,中国平安,200,8918.0,46.25
20220609,000651.SZ,格力电器,300,9393.0,32.09
20220609,601318.SS,中国平安,200,8924.0,46.25
20220610,000651.SZ,格力电器,300,9465.0,32.09
20220610,601318.SS,中国平安,200,8988.0,46.25
20220613,000651.SZ,格力电器,300,9396.0,32.09
20220613,601318.SS,中国平安,200,8828.0,46.25
20220614,000651.SZ,格力电器,300,9492.0,32.09
20220614,601318.SS,中国平安,200,9044.0,46.25
20220615,000651.SZ,格力电器,300,9705.0,32.09
20220615,601318.SS,中国平安,200,9530.0,46.25
20220616,000651.SZ,格力电器,300,9600.0,32.09
20220616,601318.SS,中国平安,200,9300.0,46.25
20220617,000651.SZ,格力电器,300,9795.0,32.09
20220617,601318.SS,中国平安,200,9406.0,46.25
20220620,000651.SZ,格力电器,300,9888.0,32.09
20220620,601318.SS,中国平安,200,9072.0,46.25
20220621,000651.SZ,格力电器,300,9954.0,32.09
20220621,601318.SS,中国平安,200,9226.0,46.25
20220622,000651.SZ,格力电器,300,9636.0,32.09
20220622,601318.SS,中国平安,200,9080.0,46.25
20220623,000651.SZ,格力电器,300,9675.0,32.09
20220623,601318.SS,中国平安,200,9250.0,46.25
20220624,000651.SZ,格力电器,300,10170.0,32.09
20220624,601318.SS,中国平安,200,9352.0,46.25
20220627,000651.SZ,格力电器,300,9975.0,32.09
20220627,601318.SS,中国平安,200,9360.0,46.25
20220628,000651.SZ,格力电器,300,10035.0,32.09
20220628,601318.SS,中国平安,200,9380.0,46.25
20220629,000651.SZ,格力电器,300,9981.0,32.09
20220629,601318.SS,中国平安,200,9358.0,46.25
20220630,000651.SZ,格力电器,300,10116.0,32.09
20220630,601318.SS,中国平安,200,9338.0,46.25
20220701,000651.SZ,格力电器,300,10035.0,32.09
20220701,601318.SS,中国平安,200,9262.0,46.25
20220704,000651.SZ,格力电器,300,10092.0,32.09
20220704,601318.SS,中国平安,200,9292.0,46.25
20220705,000651.SZ,格力电器,300,9951.0,32.09
20220705,601318.SS,中国平安,200,9322.0,46.25
20220706,000651.SZ,格力电器,300,9843.0,32.09
20220706,601318.SS,中国平安,200,9170.0,46.25
20220707,000651.SZ,格力电器,300,9867.0,32.09
20220707,601318.SS,中国平安,200,9120.0,46.25
20220708,000651.SZ,格力电器,300,10020.0,32.09
20220708,601318.SS,中国平安,200,9164.0,46.25
20220708,600036.SS,招商银行,200,7962.0,39.84
20220711,000651.SZ,格力电器,300,10197.0,32.09
20220711,601318.SS,中国平安,200,9076.0,46.25
20220711,600036.SS,招商银行,200,7888.0,39.84
20220712,000651.SZ,格力电器,300,10479.0,32.09
20220712,601318.SS,中国平安,200,9102.0,46.25
20220712,600036.SS,招商银行,200,7860.0,39.84
20220713,000651.SZ,格力电器,300,10491.0,32.09
20220713,601318.SS,中国平安,200,9016.0,46.25
20220713,600036.SS,招商银行,200,7580.0,39.84
20220714,000651.SZ,格力电器,300,10254.0,32.09
20220714,601318.SS,中国平安,200,8720.0,46.25
20220714,600036.SS,招商银行,200,7296.0,39.84
20220715,000651.SZ,格力电器,300,10110.0,32.09
20220715,601318.SS,中国平安,200,8542.0,46.25
20220715,600036.SS,招商银行,200,6974.0,39.84
20220718,000651.SZ,格力电器,300,10290.0,32.09
20220718,601318.SS,中国平安,200,8690.0,46.25
20220718,600036.SS,招商银行,200,7126.0,39.84
20220719,000651.SZ,格力电器,300,10224.0,32.09
20220719,601318.SS,中国平安,200,8680.0,46.25
20220719,600036.SS,招商银行,200,7142.0,39.84
20220720,000651.SZ,格力电器,300,10233.0,32.09
20220720,601318.SS,中国平安,200,8680.0,46.25
20220720,600036.SS,招商银行,200,7170.0,39.84
20220721,000651.SZ,格力电器,300,10185.0,32.09
20220721,601318.SS,中国平安,200,8548.0,46.25
20220721,600036.SS,招商银行,200,7092.0,39.84
20220722,000651.SZ,格力电器,300,10182.0,32.09
20220722,601318.SS,中国平安,200,8610.0,46.25
20220722,600036.SS,招商银行,200,7118.0,39.84
20220725,000651.SZ,格力电器,300,10269.0,32.09
20220725,601318.SS,中国平安,200,8584.0,46.25
20220725,600036.SS,招商银行,200,7170.0,39.84
20220726,000651.SZ,格力电器,300,10239.0,32.09
20220726,601318.SS,中国平安,200,8640.0,46.25
20220726,600036.SS,招商银行,200,7266.0,39.84
20220727,000651.SZ,格力电器,300,10023.0,32.09
20220727,601318.SS,中国平安,200,8558.0,46.25
20220727,600036.SS,招商银行,200,7210.0,39.84
20220728,000651.SZ,格力电器,300,9993.0,32.09
20220728,601318.SS,中国平安,200,8544.0,46.25
20220728,600036.SS,招商银行,200,7156.0,39.84
20220729,000651.SZ,格力电器,300,9978.0,32.09
20220729,601318.SS,中国平安,200,8424.0,46.25
20220729,600036.SS,招商银行,200,7014.0,39.84
20220801,000651.SZ,格力电器,300,9903.0,32.09
20220801,601318.SS,中国平安,200,8368.0,46.25
20220801,600036.SS,招商银行,200,6904.0,39.84
20220802,000651.SZ,格力电器,300,9558.0,32.09
20220802,601318.SS,中国平安,200,8234.0,46.25
20220802,600036.SS,招商银行,200,6782.0,39.84
20220803,000651.SZ,格力电器,300,9546.0,32.09
20220803,601318.SS,中国平安,200,8166.0,46.25
20220803,600036.SS,招商银行,200,6612.0,39.84
20220804,000651.SZ,格力电器,300,9648.0,32.09
20220804,601318.SS,中国平安,200,8216.0,46.25
20220804,600036.SS,招商银行,200,6732.0,39.84
20220805,000651.SZ,格力电器,300,9219.0,32.09
20220805,601318.SS,中国平安,200,8308.0,46.25
20220805,600036.SS,招商银行,200,6860.0,39.84
20220808,000651.SZ,格力电器,300,9165.0,32.09
20220808,601318.SS,中国平安,200,8236.0,46.25
20220808,600036.SS,招商银行,200,6782.0,39.84
20220809,000651.SZ,格力电器,300,9183.0,32.09
20220809,601318.SS,中国平安,200,8192.0,46.25
20220809,600036.SS,招商银行,200,6720.0,39.84
20220810,000651.SZ,格力电器,300,9126.0,32.09
20220810,601318.SS,中国平安,200,8080.0,46.25
20220810,600036.SS,招商银行,200,6630.0,39.84
20220811,000651.SZ,格力电器,300,9249.0,32.09
20220811,601318.SS,中国平安,400,16584.0,43.87
20220811,600036.SS,招商银行,200,6872.0,39.84
20220812,000651.SZ,格力电器,300,9267.0,32.09
20220812,601318.SS,中国平安,400,16644.0,43.87
20220812,600036.SS,招商银行,200,6874.0,39.84
20220815,000651.SZ,格力电器,300,9267.0,32.09
20220815,601318.SS,中国平安,400,16456.0,43.87
20220815,600036.SS,招商银行,200,6746.0,39.84
20220816,000651.SZ,格力电器,300,9258.0,32.09
20220816,601318.SS,中国平安,400,16396.0,43.87
20220816,600036.SS,招商银行,200,6782.0,39.84
20220817,000651.SZ,格力电器,300,9294.0,32.09
20220817,601318.SS,中国平安,400,16516.0,43.87
20220817,600036.SS,招商银行,200,6848.0,39.84
20220818,000651.SZ,格力电器,300,9129.0,32.09
20220818,601318.SS,中国平安,400,16324.0,43.87
20220818,600036.SS,招商银行,200,6744.0,39.84
20220819,000651.SZ,格力电器,300,9138.0,32.09
20220819,601318.SS,中国平安,400,16388.0,43.87
20220819,600036.SS,招商银行,200,6770.0,39.84
20220822,000651.SZ,格力电器,300,9147.0,32.09
20220822,601318.SS,中国平安,400,16460.0,43.87
20220822,600036.SS,招商银行,200,6724.0,39.84
20220823,000651.SZ,格力电器,300,9069.0,32.09
20220823,601318.SS,中国平安,400,16288.0,43.87
20220823,600036.SS,招商银行,200,6620.0,39.84
20220824,000651.SZ,格力电器,300,9012.0,32.09
20220824,601318.SS,中国平安,400,16644.0,43.87
20220824,600036.SS,招商银行,500,16420.0,35.65
20220825,000651.SZ,格力电器,300,9108.0,32.09
20220825,601318.SS,中国平安,400,17240.0,43.87
20220825,600036.SS,招商银行,500,16845.0,35.65
20220826,000651.SZ,格力电器,300,9045.0,32.09
20220826,601318.SS,中国平安,400,17248.0,43.87
20220826,600036.SS,招商银行,500,16850.0,35.65
20220829,000651.SZ,格力电器,300,9099.0,32.09
20220829,601318.SS,中国平安,400,17228.0,43.87
20220829,600036.SS,招商银行,500,16640.0,35.65
20220830,000651.SZ,格力电器,300,9165.0,32.09
20220830,601318.SS,中国平安,400,17156.0,43.87
20220830,600036.SS,招商银行,500,16895.0,35.65
20220831,000651.SZ,格力电器,300,9579.0,32.09
20220831,601318.SS,中国平安,400,17536.0,43.87
20220831,600036.SS,招商银行,500,17525.0,35.65
20220901,000651.SZ,格力电器,300,9855.0,32.09
20220901,601318.SS,中国平安,400,17460.0,43.87
20220901,600036.SS,招商银行,500,17250.0,35.65
20220902,000651.SZ,格力电器,300,9906.0,32.09
20220902,601318.SS,中国平安,400,17480.0,43.87
20220902,600036.SS,招商银行,500,17160.0,35.65
20220905,000651.SZ,格力电器,300,10008.0,32.09
20220905,601318.SS,中国平安,400,17520.0,43.87
20220905,600036.SS,招商银行,500,17115.0,35.65
20220906,000651.SZ,格力电器,300,9948.0,32.09
20220906,601318.SS,中国平安,400,17560.0,43.87
20220906,600036.SS,招商银行,500,16810.0,35.65
20220907,000651.SZ,格力电器,300,9891.0,32.09
20220907,601318.SS,中国平安,400,17440.0,43.87
20220907,600036.SS,招商银行,500,16690.0,35.65
20220908,000651.SZ,格力电器,300,9954.0,32.09
20220908,601318.SS,中国平安,400,17536.0,43.87
20220908,600036.SS,招商银行,500,16650.0,35.65
20220909,000651.SZ,格力电器,300,10401.0,32.09
20220909,601318.SS,中国平安,400,17876.0,43.87
20220909,600036.SS,招商银行,500,17250.0,35.65
20220913,000651.SZ,格力电器,300,10545.0,32.09
20220913,601318.SS,中国平安,400,18024.0,43.87
20220913,600036.SS,招商银行,500,17675.0,35.65
20220914,000651.SZ,格力电器,300,10476.0,32.09
20220914,601318.SS,中国平安,400,17860.0,43.87
20220914,600036.SS,招商银行,500,17430.0,35.65
20220915,000651.SZ,格力电器,300,10530.0,32.09
20220915,601318.SS,中国平安,400,18036.0,43.87
20220915,600036.SS,招商银行,500,18005.0,35.65
20220916,000651.SZ,格力电器,300,10377.0,32.09
20220916,601318.SS,中国平安,400,17572.0,43.87
20220916,600036.SS,招商银行,500,17475.0,35.65
20220919,000651.SZ,格力电器,300,10338.0,32.09
20220919,601318.SS,中国平安,400,17572.0,43.87
20220919,600036.SS,招商银行,500,17545.0,35.65
20220920,000651.SZ,格力电器,300,10260.0,32.09
20220920,601318.SS,中国平安,400,17296.0,43.87
20220920,600036.SS,招商银行,500,17270.0,35.65
20220921,000651.SZ,格力电器,300,10305.0,32.09
20220921,601318.SS,中国平安,400,17260.0,43.87
20220921,600036.SS,招商银行,500,17205.0,35.65
20220922,000651.SZ,格力电器,300,9936.0,32.09
20220922,601318.SS,中国平安,400,16992.0,43.87
20220922,600036.SS,招商银行,500,17085.0,35.65
20220923,000651.SZ,格力电器,300,9924.0,32.09
20220923,601318.SS,中国平安,400,17208.0,43.87
20220923,600036.SS,招商银行,500,17180.0,35.65
20220926,000651.SZ,格力电器,300,9858.0,32.09
20220926,601318.SS,中国平安,400,16996.0,43.87
20220926,600036.SS,招商银行,500,16975.0,35.65
20220927,000651.SZ,格力电器,300,10035.0,32.09
20220927,601318.SS,中国平安,400,16976.0,43.87
20220927,600036.SS,招商银行,500,16950.0,35.65
20220928,000651.SZ,格力电器,300,9900.0,32.09
20220928,601318.SS,中国平安,400,16756.0,43.87
20220928,600036.SS,招商银行,500,16835.0,35.65
20220929,000651.SZ,格力电器,300,9765.0,32.09
20220929,601318.SS,中国平安,400,16528.0,43.87
20220929,600036.SS,招商银行,500,16575.0,35.65
20220930,000651.SZ,格力电器,300,9729.0,32.09
20220930,601318.SS,中国平安,400,16632.0,43.87
20220930,600036.SS,招商银行,500,16825.0,35.65
20221010,000651.SZ,格力电器,300,9660.0,32.09
20221010,601318.SS,中国平安,400,16572.0,43.87
20221010,600036.SS,招商银行,500,15900.0,35.65
20221011,000651.SZ,格力电器,300,9582.0,32.09
20221011,601318.SS,中国平安,400,16480.0,43.87
20221012,000651.SZ,格力电器,300,9684.0,32.09
20221012,601318.SS,中国平安,400,16768.0,43.87
20221013,000651.SZ,格力电器,300,9507.0,32.09
20221013,601318.SS,中国平安,400,16544.0,43.87
20221014,000651.SZ,格力电器,300,9717.0,32.09
20221014,601318.SS,中国平安,400,16776.0,43.87
20221017,000651.SZ,格力电器,300,9681.0,32.09
20221017,601318.SS,中国平安,400,16840.0,43.87
20221018,000651.SZ,格力电器,300,9702.0,32.09
20221018,601318.SS,中国平安,400,16700.0,43.87
20221019,000651.SZ,格力电器,300,9339.0,32.09
20221019,601318.SS,中国平安,400,16508.0,43.87
20221020,000651.SZ,格力电器,300,9198.0,32.09
20221020,601318.SS,中国平安,400,16004.0,43.87
20221021,000651.SZ,格力电器,300,9180.0,32.09
20221021,601318.SS,中国平安,400,15860.0,43.87
20221024,000651.SZ,格力电器,300,8994.0,32.09
20221024,601318.SS,中国平安,400,15080.0,43.87
20221025,000651.SZ,格力电器,300,8940.0,32.09
20221026,000651.SZ,格力电器,300,9006.0,32.09
20221027,000651.SZ,格力电器,300,9123.0,32.09
20221028,000651.SZ,格力电器,300,9057.0,32.09
20221031,000651.SZ,格力电器,300,8601.0,32.09
20221101,000651.SZ,格力电器,300,8811.0,32.09
20221101,600036.SS,招商银行,300,8457.0,28.21
20221102,000651.SZ,格力电器,300,8865.0,32.09
20221102,600036.SS,招商银行,300,8526.0,28.21
20221103,000651.SZ,格力电器,300,8787.0,32.09
20221103,600036.SS,招商银行,300,8415.0,28.21
20221104,000651.SZ,格力电器,300,9048.0,32.09
20221104,600036.SS,招商银行,300,8724.0,28.21
20221107,000651.SZ,格力电器,300,9081.0,32.09
20221107,600036.SS,招商银行,300,8748.0,28.21
20221108,000651.SZ,格力电器,300,9042.0,32.09
20221108,600036.SS,招商银行,300,8745.0,28.21
20221109,000651.SZ,格力电器,300,9078.0,32.09
20221109,600036.SS,招商银行,300,8754.0,28.21
20221110,000651.SZ,格力电器,300,9036.0,32.09
20221110,600036.SS,招商银行,300,8757.0,28.21
20221111,000651.SZ,格力电器,300,9333.0,32.09
20221111,600036.SS,招商银行,300,9372.0,28.21
20221114,000651.SZ,格力电器,300,9513.0,32.09
20221114,600036.SS,招商银行,300,9942.0,28.21
20221115,000651.SZ,格力电器,300,9597.0,32.09
20221115,600036.SS,招商银行,300,9984.0,28.21
20221116,000651.SZ,格力电器,300,9519.0,32.09
20221116,600036.SS,招商银行,300,10014.0,28.21
20221117,000651.SZ,格力电器,300,9525.0,32.09
20221117,600036.SS,招商银行,300,9693.0,28.21
20221118,000651.SZ,格力电器,300,9528.0,32.09
20221118,600036.SS,招商银行,300,9621.0,28.21
20221121,000651.SZ,格力电器,300,9330.0,32.09
20221121,600036.SS,招商银行,300,9561.0,28.21
20221122,000651.SZ,格力电器,600,18774.0,31.7
20221122,600036.SS,招商银行,300,9735.0,28.21
20221123,000651.SZ,格力电器,600,18720.0,31.7
20221123,600036.SS,招商银行,300,9666.0,28.21
20221124,000651.SZ,格力电器,600,18732.0,31.7
20221124,600036.SS,招商银行,300,9666.0,28.21
20221125,000651.SZ,格力电器,600,19056.0,31.7
20221125,600036.SS,招商银行,300,9906.0,28.21
20221128,000651.SZ,格力电器,600,18900.0,31.7
20221128,600036.SS,招商银行,300,9588.0,28.21
20221129,000651.SZ,格力电器,600,19482.0,31.7
20221129,600036.SS,招商银行,300,10458.0,28.21
20221130,000651.SZ,格力电器,600,19302.0,31.7
20221130,600036.SS,招商银行,300,10488.0,28.21
20221201,000651.SZ,格力电器,600,19452.0,31.7
20221201,600036.SS,招商银行,300,10500.0,28.21
20221202,000651.SZ,格力电器,600,19338.0,31.7
20221202,600036.SS,招商银行,300,10317.0,28.21
20221205,000651.SZ,格力电器,600,19728.0,31.7
20221205,600036.SS,招商银行,300,10830.0,28.21
20221206,000651.SZ,格力电器,600,19764.0,31.7
20221206,600036.SS,招商银行,300,10755.0,28.21
20221207,000651.SZ,格力电器,600,19872.0,31.7
20221207,600036.SS,招商银行,300,10596.0,28.21
20221208,000651.SZ,格力电器,600,19806.0,31.7
20221208,600036.SS,招商银行,300,10635.0,28.21
20221209,000651.SZ,格力电器,600,20328.0,31.7
20221209,600036.SS,招商银行,300,11025.0,28.21
20221212,000651.SZ,格力电器,600,19968.0,31.7
20221212,600036.SS,招商银行,300,10737.0,28.21
20221213,000651.SZ,格力电器,600,20022.0,31.7
20221213,600036.SS,招商银行,300,10842.0,28.21
20221214,000651.SZ,格力电器,600,20040.0,31.7
20221214,600036.SS,招商银行,300,11073.0,28.21
20221215,000651.SZ,格力电器,600,19806.0,31.7
20221215,600036.SS,招商银行,300,10899.0,28.21
20221216,000651.SZ,格力电器,600,19956.0,31.7
20221216,600036.SS,招商银行,300,11127.0,28.21
20221219,000651.SZ,格力电器,600,19692.0,31.7
20221219,600036.SS,招商银行,300,10950.0,28.21
20221220,000651.SZ,格力电器,600,19380.0,31.7
20221220,600036.SS,招商银行,300,10716.0,28.21
20221221,000651.SZ,格力电器,600,19458.0,31.7
20221221,600036.SS,招商银行,300,10785.0,28.21
20221222,000651.SZ,格力电器,600,19764.0,31.7
20221222,600036.SS,招商银行,300,10950.0,28.21
20221223,000651.SZ,格力电器,600,19668.0,31.7
20221223,600036.SS,招商银行,300,10911.0,28.21
20221226,000651.SZ,格力电器,600,19410.0,31.7
20221226,600036.SS,招商银行,300,10785.0,28.21
20221227,000651.SZ,格力电器,600,19578.0,31.7
20221227,600036.SS,招商银行,300,11001.0,28.21
20221228,000651.SZ,格力电器,600,19542.0,31.7
20221228,600036.SS,招商银行,300,11199.0,28.21
20221229,000651.SZ,格力电器,600,19296.0,31.7
20221229,600036.SS,招商银行,300,11169.0,28.21
20221230,000651.SZ,格力电器,600,19392.0,31.7
20221230,600036.SS,招商银行,300,11178.0,28.21
20230103,000651.SZ,格力电器,600,19500.0,31.7
20230103,600036.SS,招商银行,300,11274.0,28.21
20230104,000651.SZ,格力电器,600,19986.0,31.7
20230104,600036.SS,招商银行,300,11595.0,28.21
20230105,000651.SZ,格力电器,600,20520.0,31.7
20230105,600036.SS,招商银行,300,11550.0,28.21
20230106,000651.SZ,格力电器,600,20460.0,31.7
20230106,600036.SS,招商银行,300,11514.0,28.21
20230109,000651.SZ,格力电器,600,20454.0,31.7
20230109,600036.SS,招商银行,300,11640.0,28.21
20230110,000651.SZ,格力电器,600,20472.0,31.7
20230110,600036.SS,招商银行,300,11475.0,28.21
20230111,000651.SZ,格力电器,600,20658.0,31.7
20230111,600036.SS,招商银行,300,11676.0,28.21
20230112,000651.SZ,格力电器,600,20472.0,31.7
20230112,600036.SS,招商银行,300,11715.0,28.21
20230113,000651.SZ,格力电器,600,20670.0,31.7
20230113,600036.SS,招商银行,300,11898.0,28.21
20230116,000651.SZ,格力电器,600,21288.0,31.7
20230116,600036.SS,招商银行,300,12141.0,28.21
20230117,000651.SZ,格力电器,600,21270.0,31.7
20230117,600036.SS,招商银行,300,12204.0,28.21
20230118,000651.SZ,格力电器,600,21126.0,31.7
20230118,600036.SS,招商银行,300,12114.0,28.21
20230119,000651.SZ,格力电器,600,21060.0,31.7
20230119,600036.SS,招商银行,300,12195.0,28.21
20230120,000651.SZ,格力电器,600,21030.0,31.7
20230120,600036.SS,招商银行,300,12315.0,28.21
20230130,000651.SZ,格力电器,600,21030.0,31.7
20230130,600036.SS,招商银行,300,12609.0,28.21
20230131,000651.SZ,格力电器,600,20778.0,31.7
20230131,600036.SS,招商银行,300,12363.0,28.21
20230201,000651.SZ,格力电器,600,20970.0,31.7
20230201,600036.SS,招商银行,300,12162.0,28.21
20230202,000651.SZ,格力电器,600,20928.0,31.7
20230202,600036.SS,招商银行,300,12009.0,28.21
20230203,000651.SZ,格力电器,600,20820.0,31.7
20230203,600036.SS,招商银行,300,11790.0,28.21
20230206,000651.SZ,格力电器,600,20304.0,31.7
20230206,600036.SS,招商银行,300,11505.0,28.21
20230207,000651.SZ,格力电器,600,20652.0,31.7
20230207,600036.SS,招商银行,300,11523.0,28.21
20230208,000651.SZ,格力电器,600,20574.0,31.7
20230208,600036.SS,招商银行,300,11547.0,28.21
20230209,000651.SZ,格力电器,600,20610.0,31.7
20230209,600036.SS,招商银行,300,11547.0,28.21
20230210,000651.SZ,格力电器,600,20562.0,31.7
20230210,600036.SS,招商银行,300,11448.0,28.21
20230213,000651.SZ,格力电器,600,20826.0,31.7
20230213,600036.SS,招商银行,300,11316.0,28.21
20230214,000651.SZ,格力电器,600,20922.0,31.7
20230214,600036.SS,招商银行,300,11400.0,28.21
20230215,000651.SZ,格力电器,600,20724.0,31.7
20230215,600036.SS,招商银行,300,11151.0,28.21
20230216,000651.SZ,格力电器,600,20490.0,31.7
20230216,600036.SS,招商银行,300,11181.0,28.21
20230217,000651.SZ,格力电器,600,20382.0,31.7
20230217,600036.SS,招商银行,300,11013.0,28.21
20230220,000651.SZ,格力电器,600,21090.0,31.7
20230220,600036.SS,招商银行,300,11547.0,28.21
20230221,000651.SZ,格力电器,600,21684.0,31.7
20230221,600036.SS,招商银行,300,11607.0,28.21
20230222,000651.SZ,格力电器,600,21648.0,31.7
20230222,600036.SS,招商银行,300,11448.0,28.21
20230223,000651.SZ,格力电器,600,22218.0,31.7
20230223,600036.SS,招商银行,300,11481.0,28.21
20230224,000651.SZ,格力电器,600,21936.0,31.7
20230224,600036.SS,招商银行,300,11238.0,28.21
20230227,000651.SZ,格力电器,600,21126.0,31.7
20230227,600036.SS,招商银行,300,11148.0,28.21
20230228,000651.SZ,格力电器,600,21312.0,31.7
20230228,600036.SS,招商银行,300,11193.0,28.21
20230301,000651.SZ,格力电器,600,21852.0,31.7
20230301,600036.SS,招商银行,300,11475.0,28.21
20230302,000651.SZ,格力电器,600,21966.0,31.7
20230302,600036.SS,招商银行,300,11475.0,28.21
20230303,000651.SZ,格力电器,600,22182.0,31.7
20230303,600036.SS,招商银行,300,11475.0,28.21
20230306,000651.SZ,格力电器,600,22146.0,31.7
20230306,600036.SS,招商银行,300,11100.0,28.21
20230307,000651.SZ,格力电器,600,21744.0,31.7
20230307,600036.SS,招商银行,300,10968.0,28.21
20230308,000651.SZ,格力电器,600,21894.0,31.7
20230308,600036.SS,招商银行,300,10800.0,28.21
20230309,000651.SZ,格力电器,600,21972.0,31.7
20230309,600036.SS,招商银行,300,10674.0,28.21
20230310,000651.SZ,格力电器,600,21366.0,31.7
20230310,600036.SS,招商银行,300,10509.0,28.21
20230313,000651.SZ,格力电器,600,22266.0,31.7
20230313,600036.SS,招商银行,300,10515.0,28.21
20230314,000651.SZ,格力电器,600,22164.0,31.7
20230314,600036.SS,招商银行,300,10374.0,28.21
20230315,000651.SZ,格力电器,600,22470.0,31.7
20230315,600036.SS,招商银行,500,17440.0,30.89
20230316,000651.SZ,格力电器,600,22380.0,31.7
20230316,600036.SS,招商银行,500,17325.0,30.89
20230317,000651.SZ,格力电器,600,22506.0,31.7
20230317,600036.SS,招商银行,500,17180.0,30.89
20230320,000651.SZ,格力电器,600,22260.0,31.7
20230320,600036.SS,招商银行,500,17060.0,30.89
20230321,000651.SZ,格力电器,600,22572.0,31.7
20230321,600036.SS,招商银行,500,17115.0,30.89
20230322,000651.SZ,格力电器,600,22326.0,31.7
20230322,600036.SS,招商银行,500,17270.0,30.89
20230323,000651.SZ,格力电器,600,22284.0,31.7
20230323,600036.SS,招商银行,500,17600.0,30.89
20230324,000651.SZ,格力电器,600,22116.0,31.7
20230324,600036.SS,招商银行,500,17215.0,30.89
20230327,000651.SZ,格力电器,600,21828.0,31.7
20230327,600036.SS,招商银行,500,17105.0,30.89
20230328,000651.SZ,格力电器,600,21840.0,31.7
20230328,600036.SS,招商银行,500,17200.0,30.89
20230329,000651.SZ,格力电器,600,21690.0,31.7
20230329,600036.SS,招商银行,500,17060.0,30.89
20230330,000651.SZ,格力电器,600,22338.0,31.7
20230330,600036.SS,招商银行,500,17175.0,30.89
20230331,000651.SZ,格力电器,600,22050.0,31.7
20230331,600036.SS,招商银行,300,10281.0,30.89
20230403,000651.SZ,格力电器,600,22356.0,31.7
20230403,600036.SS,招商银行,300,10311.0,30.89
20230404,000651.SZ,格力电器,600,22218.0,31.7
20230404,600036.SS,招商银行,300,10284.0,30.89
20230406,000651.SZ,格力电器,600,22050.0,31.7
20230406,600036.SS,招商银行,300,10140.0,30.89
20230407,000651.SZ,格力电器,600,22374.0,31.7
20230407,600036.SS,招商银行,300,10242.0,30.89
20230410,000651.SZ,格力电器,600,22650.0,31.7
20230410,600036.SS,招商银行,300,10272.0,30.89
20230411,000651.SZ,格力电器,600,23640.0,31.7
20230411,600036.SS,招商银行,300,10119.0,30.89
20230412,000651.SZ,格力电器,600,23640.0,31.7
20230412,600036.SS,招商银行,300,10122.0,30.89
20230413,000651.SZ,格力电器,600,23112.0,31.7
20230413,600036.SS,招商银行,300,10203.0,30.89
20230414,000651.SZ,格力电器,600,23040.0,31.7
20230414,600036.SS,招商银行,300,10317.0,30.89
20230417,000651.SZ,格力电器,600,24156.0,31.7
20230417,600036.SS,招商银行,300,10560.0,30.89
20230418,600036.SS,招商银行,300,10704.0,30.89
20230419,600036.SS,招商银行,300,10650.0,30.89
20230420,600036.SS,招商银行,300,10497.0,30.89
20230421,600036.SS,招商银行,300,10350.0,30.89
20230424,600036.SS,招商银行,300,10080.0,30.89
20230425,600036.SS,招商银行,300,10209.0,30.89
20230426,600036.SS,招商银行,300,10146.0,30.89
20230427,600036.SS,招商银行,300,9789.0,30.89
20230428,600036.SS,招商银行,300,10080.0,30.89
20230504,600036.SS,招商银行,300,10239.0,30.89
20230505,600036.SS,招商银行,300,10407.0,30.89
20230508,600036.SS,招商银行,300,10680.0,30.89
20230509,600036.SS,招商银行,300,10497.0,30.89
20230510,600036.SS,招商银行,300,10320.0,30.89
20230511,600036.SS,招商银行,300,10335.0,30.89
20230512,600036.SS,招商银行,500,17020.0,32.16
20230515,600036.SS,招商银行,500,17350.0,32.16
20230516,600036.SS,招商银行,500,17410.0,32.16
20230517,600036.SS,招商银行,500,17250.0,32.16
20230518,600036.SS,招商银行,500,17225.0,32.16
20230519,600036.SS,招商银行,500,16975.0,32.16
20230522,600036.SS,招商银行,500,17100.0,32.16
20230523,600036.SS,招商银行,500,16800.0,32.16
20230524,600036.SS,招商银行,500,16465.0,32.16
20230525,600036.SS,招商银行,500,16210.0,32.16
20230526,600036.SS,招商银行,500,16370.0,32.16
20230529,600036.SS,招商银行,500,16345.0,32.16
20230530,600036.SS,招商银行,500,16320.0,32.16
20230531,600036.SS,招商银行,500,16150.0,32.16
20230601,600036.SS,招商银行,500,16030.0,32.16
20230602,600036.SS,招商银行,500,16535.0,32.16
20230605,600036.SS,招商银行,500,16520.0,32.16
20230606,600036.SS,招商银行,500,16535.0,32.16
20230607,600036.SS,招商银行,500,16650.0,32.16
20230608,600036.SS,招商银行,500,17040.0,32.16
20230609,600036.SS,招商银行,500,16870.0,32.16
20230612,600036.SS,招商银行,500,16865.0,32.16
20230613,600036.SS,招商银行,500,16865.0,32.16
20230614,600036.SS,招商银行,500,16695.0,32.16
20230615,600036.SS,招商银行,500,16860.0,32.16
20230616,600036.SS,招商银行,500,16965.0,32.16
20230619,600036.SS,招商银行,500,16790.0,32.16
20230620,600036.SS,招商银行,500,16595.0,32.16
20230621,600036.SS,招商银行,500,16585.0,32.16
20230626,600036.SS,招商银行,500,16305.0,32.16
20230627,600036.SS,招商银行,500,16410.0,32.16
20230628,600036.SS,招商银行,500,16525.0,32.16
20230629,600036.SS,招商银行,500,16340.0,32.16
20230630,600036.SS,招商银行,500,16380.0,32.16
20230703,600036.SS,招商银行,500,16860.0,32.16
20230704,600036.SS,招商银行,500,16755.0,32.16
20230705,600036.SS,招商银行,500,16515.0,32.16
20230706,600036.SS,招商银行,500,16290.0,32.16
20230707,600036.SS,招商银行,500,16155.0,32.16
20230710,600036.SS,招商银行,500,16225.0,32.16
20230711,600036.SS,招商银行,500,16355.0,32.16
20230712,600036.SS,招商银行,500,16600.0,32.16
20230713,600036.SS,招商银行,500,15925.0,32.16
20230714,600036.SS,招商银行,500,15965.0,32.16
20230717,600036.SS,招商银行,500,15825.0,32.16
20230718,600036.SS,招商银行,500,15730.0,32.16
20230719,600036.SS,招商银行,500,15790.0,32.16
20230720,600036.SS,招商银行,500,15845.0,32.16
20230721,600036.SS,招商银行,500,15900.0,32.16
20230724,600036.SS,招商银行,500,15725.0,32.16
20230724,601318.SS,中国平安,200,9324.0,46.65
20230725,600036.SS,招商银行,500,16635.0,32.16
20230725,601318.SS,中国平安,200,9910.0,46.65
20230726,600036.SS,招商银行,500,16675.0,32.16
20230726,601318.SS,中国平安,200,9892.0,46.65
20230727,600036.SS,招商银行,500,16830.0,32.16
20230727,601318.SS,中国平安,200,9976.0,46.65
20230728,600036.SS,招商银行,500,17550.0,32.16
20230728,601318.SS,中国平安,200,10386.0,46.65
20230731,600036.SS,招商银行,500,17780.0,32.16
20230731,601318.SS,中国平安,200,10520.0,46.65
20230801,600036.SS,招商银行,500,17495.0,32.16
20230801,601318.SS,中国平安,200,10348.0,46.65
20230802,600036.SS,招商银行,500,17015.0,32.16
20230802,601318.SS,中国平安,200,10282.0,46.65
20230803,600036.SS,招商银行,500,17340.0,32.16
20230803,601318.SS,中国平安,200,10482.0,46.65
20230804,600036.SS,招商银行,500,17440.0,32.16
20230804,601318.SS,中国平安,200,10380.0,46.65
20230807,600036.SS,招商银行,500,17250.0,32.16
20230807,601318.SS,中国平安,200,10340.0,46.65
20230808,600036.SS,招商银行,500,17075.0,32.16
20230808,601318.SS,中国平安,200,10252.0,46.65
20230809,600036.SS,招商银行,500,17010.0,32.16
20230809,601318.SS,中国平安,200,10252.0,46.65
20230810,600036.SS,招商银行,500,17070.0,32.16
20230810,601318.SS,中国平安,200,10272.0,46.65
20230811,600036.SS,招商银行,500,16575.0,32.16
20230811,601318.SS,中国平安,200,9874.0,46.65
20230814,600036.SS,招商银行,500,16230.0,32.16
20230814,601318.SS,中国平安,200,9706.0,46.65
20230815,600036.SS,招商银行,500,16180.0,32.16
20230815,601318.SS,中国平安,200,9736.0,46.65
20230816,600036.SS,招商银行,500,15985.0,32.16
20230816,601318.SS,中国平安,200,9670.0,46.65
20230817,600036.SS,招商银行,500,15895.0,32.16
20230817,601318.SS,中国平安,200,9582.0,46.65
20230818,600036.SS,招商银行,500,15940.0,32.16
20230818,601318.SS,中国平安,200,9504.0,46.65
20230821,600036.SS,招商银行,500,15565.0,32.16
20230821,601318.SS,中国平安,200,9334.0,46.65
20230822,600036.SS,招商银行,500,15660.0,32.16
20230822,601318.SS,中国平安,200,9400.0,46.65
20230823,600036.SS,招商银行,500,15425.0,32.16
20230823,601318.SS,中国平安,200,9292.0,46.65
20230824,600036.SS,招商银行,500,15530.0,32.16
20230824,601318.SS,中国平安,200,9300.0,46.65
20230825,600036.SS,招商银行,500,15780.0,32.16
20230825,601318.SS,中国平安,200,9402.0,46.65
20230828,600036.SS,招商银行,500,16130.0,32.16
20230828,601318.SS,中国平安,200,9622.0,46.65
20230829,600036.SS,招商银行,500,16020.0,32.16
20230829,601318.SS,中国平安,200,9712.0,46.65
20230830,600036.SS,招商银行,500,15830.0,32.16
20230830,601318.SS,中国平安,200,9650.0,46.65
20230831,600036.SS,招商银行,500,15775.0,32.16
20230831,601318.SS,中国平安,200,9758.0,46.65
20230901,600036.SS,招商银行,500,16135.0,32.16
20230901,601318.SS,中国平安,200,10020.0,46.65
20230904,600036.SS,招商银行,500,16765.0,32.16
20230904,601318.SS,中国平安,200,10290.0,46.65
20230905,600036.SS,招商银行,500,16555.0,32.16
20230905,601318.SS,中国平安,200,10040.0,46.65
20230906,600036.SS,招商银行,500,16680.0,32.16
20230906,601318.SS,中国平安,200,10206.0,46.65
20230907,600036.SS,招商银行,500,16570.0,32.16
20230907,601318.SS,中国平安,200,10044.0,46.65
20230908,600036.SS,招商银行,500,16585.0,32.16
20230908,601318.SS,中国平安,200,10024.0,46.65
20230911,600036.SS,招商银行,500,16455.0,32.16
20230911,601318.SS,中国平安,200,10072.0,46.65
20230912,600036.SS,招商银行,500,16440.0,32.16
20230912,601318.SS,中国平安,200,9990.0,46.65
20230913,600036.SS,招商银行,500,16375.0,32.16
20230913,601318.SS,中国平安,200,9900.0,46.65
20230914,600036.SS,招商银行,500,16535.0,32.16
20230914,601318.SS,中国平安,200,9838.0,46.65
20230915,600036.SS,招商银行,500,16480.0,32.16
20230915,601318.SS,中国平安,200,9840.0,46.65
20230918,600036.SS,招商银行,500,16510.0,32.16
20230918,601318.SS,中国平安,200,9860.0,46.65
20230919,600036.SS,招商银行,500,16480.0,32.16
20230919,601318.SS,中国平安,200,9856.0,46.65
20230920,600036.SS,招商银行,500,16365.0,32.16
20230920,601318.SS,中国平安,200,9778.0,46.65
20230921,600036.SS,招商银行,500,16185.0,32.16
20230921,601318.SS,中国平安,200,9698.0,46.65
20230922,600036.SS,招商银行,500,16670.0,32.16
20230922,601318.SS,中国平安,200,10066.0,46.65
20230925,600036.SS,招商银行,500,16500.0,32.16
20230925,601318.SS,中国平安,200,9812.0,46.65
20230926,600036.SS,招商银行,500,16400.0,32.16
20230926,601318.SS,中国平安,200,9712.0,46.65
20230927,600036.SS,招商银行,500,16410.0,32.16
20230927,601318.SS,中国平安,200,9732.0,46.65
20230928,600036.SS,招商银行,500,16485.0,32.16
20230928,601318.SS,中国平安,200,9660.0,46.65
20231009,600036.SS,招商银行,500,16290.0,32.16
20231009,601318.SS,中国平安,200,9614.0,46.65
20231010,600036.SS,招商银行,500,16295.0,32.16
20231010,601318.SS,中国平安,200,9520.0,46.65
20231011,600036.SS,招商银行,500,16225.0,32.16
20231011,601318.SS,中国平安,200,9538.0,46.65
20231012,600036.SS,招商银行,500,16535.0,32.16
20231012,601318.SS,中国平安,200,9686.0,46.65
20231013,600036.SS,招商银行,500,16305.0,32.16
20231013,601318.SS,中国平安,200,9594.0,46.65
20231016,600036.SS,招商银行,500,16155.0,32.16
20231016,601318.SS,中国平安,200,9508.0,46.65
20231017,600036.SS,招商银行,800,26016.0,32.3
20231017,601318.SS,中国平安,200,9536.0,46.65
20231018,600036.SS,招商银行,800,25992.0,32.3
20231018,601318.SS,中国平安,200,9478.0,46.65
20231019,600036.SS,招商银行,800,25256.0,32.3
20231019,601318.SS,中国平安,200,9210.0,46.65
20231020,600036.SS,招商银行,800,25320.0,32.3
20231020,601318.SS,中国平安,200,9168.0,46.65
20231023,600036.SS,招商银行,800,24984.0,32.3
20231023,601318.SS,中国平安,200,9188.0,46.65
20231024,600036.SS,招商银行,800,25040.0,32.3
20231024,601318.SS,中国平安,200,9220.0,46.65
20231025,600036.SS,招商银行,800,25136.0,32.3
20231025,601318.SS,中国平安,200,9102.0,46.65
20231026,600036.SS,招商银行,800,25200.0,32.3
20231026,601318.SS,中国平安,200,9140.0,46.65
20231027,600036.SS,招商银行,800,25224.0,32.3
20231027,601318.SS,中国平安,200,9036.0,46.65
20231030,600036.SS,招商银行,800,24720.0,32.3
20231030,601318.SS,中国平安,200,9062.0,46.65
20231031,600036.SS,招商银行,800,24608.0,32.3
20231031,601318.SS,中国平安,200,9092.0,46.65
20231101,600036.SS,招商银行,800,24360.0,32.3
20231101,601318.SS,中国平安,200,9022.0,46.65
20231102,600036.SS,招商银行,800,24544.0,32.3
20231102,601318.SS,中国平安,200,9012.0,46.65
20231103,600036.SS,招商银行,800,24792.0,32.3
20231103,601318.SS,中国平安,200,9048.0,46.65
20231106,600036.SS,招商银行,800,24912.0,32.3
20231106,601318.SS,中国平安,200,9212.0,46.65
20231107,600036.SS,招商银行,800,24640.0,32.3
20231107,601318.SS,中国平安,200,9060.0,46.65
20231108,600036.SS,招商银行,800,24480.0,32.3
20231108,601318.SS,中国平安,200,8926.0,46.65
20231109,600036.SS,招商银行,800,24528.0,32.3
20231109,601318.SS,中国平安,200,8656.0,46.65
20231110,600036.SS,招商银行,800,24128.0,32.3
20231113,600036.SS,招商银行,500,14910.0,32.3
20231114,600036.SS,招商银行,500,15100.0,32.3
20231115,600036.SS,招商银行,500,15320.0,32.3
20231116,600036.SS,招商银行,500,15270.0,32.3
20231117,600036.SS,招商银行,500,15165.0,32.3
20231120,600036.SS,招商银行,500,15290.0,32.3
20231121,600036.SS,招商银行,500,15215.0,32.3
20231122,600036.SS,招商银行,500,15080.0,32.3
20231123,600036.SS,招商银行,500,15070.0,32.3
20231124,600036.SS,招商银行,500,15000.0,32.3
20231127,600036.SS,招商银行,500,14700.0,32.3
20231128,600036.SS,招商银行,300,8748.0,32.3
20231129,600036.SS,招商银行,300,8640.0,32.3
20231130,600036.SS,招商银行,300,8637.0,32.3
20231201,600036.SS,招商银行,300,8478.0,32.3
20231204,600036.SS,招商银行,300,8424.0,32.3
20231205,600036.SS,招商银行,300,8253.0,32.3
20231206,600036.SS,招商银行,300,8328.0,32.3
20240726,601318.SS,中国平安,200,8218.0,41.12
20240729,601318.SS,中国平安,200,8264.0,41.12
20240730,601318.SS,中国平安,200,8266.0,41.12
20240731,601318.SS,中国平安,200,8512.0,41.12
20240801,601318.SS,中国平安,200,8502.0,41.12
20240802,601318.SS,中国平安,200,8364.0,41.12
20240805,601318.SS,中国平安,200,8400.0,41.12
20240806,601318.SS,中国平安,200,8180.0,41.12
20240807,601318.SS,中国平安,200,8140.0,41.12
20240808,601318.SS,中国平安,200,8164.0,41.12
20240808,000651.SZ,格力电器,200,8096.0,40.51
20240809,601318.SS,中国平安,200,8122.0,41.12
20240809,000651.SZ,格力电器,200,8060.0,40.51
20240812,601318.SS,中国平安,200,8124.0,41.12
20240812,000651.SZ,格力电器,200,8066.0,40.51
20240813,601318.SS,中国平安,200,8156.0,41.12
20240813,000651.SZ,格力电器,200,8046.0,40.51
20240814,601318.SS,中国平安,200,8098.0,41.12
20240814,000651.SZ,格力电器,200,8024.0,40.51
20240815,601318.SS,中国平安,200,8264.0,41.12
20240815,000651.SZ,格力电器,200,8104.0,40.51
20240816,601318.SS,中国平安,200,8322.0,41.12
20240816,000651.SZ,格力电器,200,8204.0,40.51
20240819,601318.SS,中国平安,200,8414.0,41.12
20240819,000651.SZ,格力电器,200,8148.0,40.51
20240820,601318.SS,中国平安,200,8384.0,41.12
20240820,000651.SZ,格力电器,200,8192.0,40.51
20240821,601318.SS,中国平安,200,8394.0,41.12
20240821,000651.SZ,格力电器,200,8166.0,40.51
20240822,601318.SS,中国平安,200,8342.0,41.12
20240822,000651.SZ,格力电器,200,8252.0,40.51
20240823,601318.SS,中国平安,200,8670.0,41.12
20240823,000651.SZ,格力电器,200,8408.0,40.51
20240826,601318.SS,中国平安,200,8670.0,41.12
20240826,000651.SZ,格力电器,200,8414.0,40.51
20240827,601318.SS,中国平安,200,8630.0,41.12
20240827,000651.SZ,格力电器,200,8354.0,40.51
20240828,601318.SS,中国平安,200,8638.0,41.12
20240828,000651.SZ,格力电器,200,7760.0,40.51
20240829,601318.SS,中国平安,200,8524.0,41.12
20240829,000651.SZ,格力电器,200,7762.0,40.51
20240830,601318.SS,中国平安,200,8806.0,41.12
20240830,000651.SZ,格力电器,200,7940.0,40.51
20240902,601318.SS,中国平安,200,8690.0,41.12
20240902,000651.SZ,格力电器,200,8010.0,40.51
20240903,601318.SS,中国平安,200,8642.0,41.12
20240903,000651.SZ,格力电器,200,8126.0,40.51
20240904,601318.SS,中国平安,200,8528.0,41.12
20240904,000651.SZ,格力电器,200,8106.0,40.51
20240905,601318.SS,中国平安,200,8684.0,41.12
20240905,000651.SZ,格力电器,200,8068.0,40.51
20240906,601318.SS,中国平安,200,8650.0,41.12
20240906,000651.SZ,格力电器,200,7992.0,40.51
20240909,601318.SS,中国平安,200,8536.0,41.12
20240909,000651.SZ,格力电器,200,7780.0,40.51
20240910,601318.SS,中国平安,200,8532.0,41.12
20240910,000651.SZ,格力电器,200,7800.0,40.51
20240911,601318.SS,中国平安,200,8504.0,41.12
20240911,000651.SZ,格力电器,200,7818.0,40.51
20240912,601318.SS,中国平安,200,8520.0,41.12
20240912,000651.SZ,格力电器,200,7732.0,40.51
20240913,601318.SS,中国平安,200,8578.0,41.12
20240913,000651.SZ,格力电器,200,7848.0,40.51
20240918,601318.SS,中国平安,200,8740.0,41.12
20240918,000651.SZ,格力电器,200,8104.0,40.51
20240919,601318.SS,中国平安,200,8806.0,41.12
20240919,000651.SZ,格力电器,200,8130.0,40.51
20240920,601318.SS,中国平安,200,8830.0,41.12
20240920,000651.SZ,格力电器,200,8214.0,40.51
20240923,601318.SS,中国平安,200,8818.0,41.12
20240923,000651.SZ,格力电器,200,8286.0,40.51
20240924,601318.SS,中国平安,200,9300.0,41.12
20240924,000651.SZ,格力电器,200,8296.0,40.51
20240925,601318.SS,中国平安,200,9472.0,41.12
20240925,000651.SZ,格力电器,200,8496.0,40.51
20240926,601318.SS,中国平安,200,10084.0,41.12
20240926,000651.SZ,格力电器,200,8876.0,40.51
20240927,601318.SS,中国平安,200,10380.0,41.12
20240927,000651.SZ,格力电器,200,8880.0,40.51
20240930,601318.SS,中国平安,200,11418.0,41.12
20240930,000651.SZ,格力电器,200,9588.0,40.51
20241008,000651.SZ,格力电器,200,10300.0,40.51
20241009,000651.SZ,格力电器,200,9586.0,40.51
20241010,000651.SZ,格力电器,200,9930.0,40.51
20241011,000651.SZ,格力电器,200,9718.0,40.51
20241014,000651.SZ,格力电器,200,9968.0,40.51
20241015,000651.SZ,格力电器,200,9714.0,40.51
20241016,000651.SZ,格力电器,200,9494.0,40.51
20241017,000651.SZ,格力电器,200,9322.0,40.51
20241018,000651.SZ,格力电器,200,9460.0,40.51
20241021,000651.SZ,格力电器,200,9400.0,40.51
20241022,000651.SZ,格力电器,200,9556.0,40.51
20241023,000651.SZ,格力电器,200,9586.0,40.51
20241024,000651.SZ,格力电器,200,9476.0,40.51
20241025,000651.SZ,格力电器,200,9398.0,40.51
20241028,000651.SZ,格力电器,200,9352.0,40.51
20241029,000651.SZ,格力电器,200,9318.0,40.51
20241030,000651.SZ,格力电器,200,9156.0,40.51
20241031,000651.SZ,格力电器,200,8700.0,40.51
20241101,000651.SZ,格力电器,200,8704.0,40.51
20241104,000651.SZ,格力电器,200,8660.0,40.51
20241105,000651.SZ,格力电器,200,8780.0,40.51
20241106,000651.SZ,格力电器,200,8568.0,40.51
20241107,000651.SZ,格力电器,200,8852.0,40.51
20241108,000651.SZ,格力电器,200,8850.0,40.51
20241111,000651.SZ,格力电器,200,8750.0,40.51
20241112,000651.SZ,格力电器,200,8740.0,40.51
20241113,000651.SZ,格力电器,200,8784.0,40.51
20241114,000651.SZ,格力电器,200,8744.0,40.51
20241115,000651.SZ,格力电器,200,8624.0,40.51
20241118,000651.SZ,格力电器,200,8574.0,40.51
20241119,000651.SZ,格力电器,200,8586.0,40.51
20241120,000651.SZ,格力电器,200,8546.0,40.51
20241121,000651.SZ,格力电器,200,8462.0,40.51
20241122,000651.SZ,格力电器,200,8260.0,40.51
20241125,000651.SZ,格力电器,200,8194.0,40.51
20241126,000651.SZ,格力电器,200,8236.0,40.51
20241127,000651.SZ,格力电器,200,8418.0,40.51
20241128,000651.SZ,格力电器,200,8320.0,40.51
20241129,000651.SZ,格力电器,200,8416.0,40.51
20241202,000651.SZ,格力电器,200,8408.0,40.51
20241203,000651.SZ,格力电器,200,8470.0,40.51
20241204,000651.SZ,格力电器,200,8526.0,40.51
20241205,000651.SZ,格力电器,200,8464.0,40.51
20241206,000651.SZ,格力电器,200,8454.0,40.51
20241209,000651.SZ,格力电器,200,8470.0,40.51
20241210,000651.SZ,格力电器,200,8596.0,40.51
20241211,000651.SZ,格力电器,200,8662.0,40.51
20241212,000651.SZ,格力电器,200,8692.0,40.51
20241213,000651.SZ,格力电器,200,8600.0,40.51
20241216,000651.SZ,格力电器,200,8576.0,40.51
20241217,000651.SZ,格力电器,200,8600.0,40.51
20241218,000651.SZ,格力电器,200,8690.0,40.51
20241219,000651.SZ,格力电器,200,8730.0,40.51
20241220,000651.SZ,格力电器,200,8652.0,40.51
20241223,000651.SZ,格力电器,200,8898.0,40.51
20241224,000651.SZ,格力电器,200,9116.0,40.51
20241225,000651.SZ,格力电器,200,9088.0,40.51
20241226,000651.SZ,格力电器,200,9088.0,40.51
20241227,000651.SZ,格力电器,200,9012.0,40.51
20241230,000651.SZ,格力电器,200,9114.0,40.51
20241231,000651.SZ,格力电器,200,9090.0,40.51
20250102,000651.SZ,格力电器,200,9268.0,40.51
20250103,000651.SZ,格力电器,200,9148.0,40.51
20250106,000651.SZ,格力电器,200,9204.0,40.51
20250107,000651.SZ,格力电器,200,9130.0,40.51
20250108,000651.SZ,格力电器,200,9448.0,40.51
20250109,000651.SZ,格力电器,200,9500.0,40.51
20250110,000651.SZ,格力电器,200,9280.0,40.51
20250113,000651.SZ,格力电器,200,8980.0,40.51
20250114,000651.SZ,格力电器,200,9128.0,40.51
20250115,000651.SZ,格力电器,200,9218.0,40.51
20250116,000651.SZ,格力电器,200,9260.0,40.51
20250117,000651.SZ,格力电器,200,9200.0,40.51
20250120,000651.SZ,格力电器,200,9016.0,40.51
20250121,000651.SZ,格力电器,200,8952.0,40.51
20250122,000651.SZ,格力电器,200,8812.0,40.51
20250123,000651.SZ,格力电器,200,8854.0,40.51
20250124,000651.SZ,格力电器,200,8892.0,40.51
20250127,000651.SZ,格力电器,200,8978.0,40.51
20250205,000651.SZ,格力电器,200,8766.0,40.51
20250206,000651.SZ,格力电器,200,8728.0,40.51
20250207,000651.SZ,格力电器,200,8824.0,40.51
20250210,000651.SZ,格力电器,200,8776.0,40.51
20250211,000651.SZ,格力电器,200,8732.0,40.51
20250212,000651.SZ,格力电器,200,8752.0,40.51
20250213,000651.SZ,格力电器,200,8764.0,40.51
20250214,000651.SZ,格力电器,200,8798.0,40.51
20250217,000651.SZ,格力电器,200,8734.0,40.51
20250218,000651.SZ,格力电器,200,8606.0,40.51
20250219,000651.SZ,格力电器,200,8388.0,40.51
20250220,000651.SZ,格力电器,200,8370.0,40.51
20250221,000651.SZ,格力电器,200,8272.0,40.51
20250224,000651.SZ,格力电器,200,8254.0,40.51
20250225,000651.SZ,格力电器,200,8100.0,40.51
20250226,000651.SZ,格力电器,200,8184.0,40.51
20250227,000651.SZ,格力电器,200,8286.0,40.51
20250228,000651.SZ,格力电器,200,8170.0,40.51
20250303,000651.SZ,格力电器,200,8112.0,40.51
20250304,000651.SZ,格力电器,200,8338.0,40.51
20250305,000651.SZ,格力电器,200,8412.0,40.51
20250306,000651.SZ,格力电器,200,8422.0,40.51
20250307,000651.SZ,格力电器,200,8372.0,40.51
20250310,000651.SZ,格力电器,200,8450.0,40.51
20250311,000651.SZ,格力电器,200,8470.0,40.51
20250312,000651.SZ,格力电器,200,8424.0,40.51
20250313,000651.SZ,格力电器,200,8506.0,40.51
20250314,000651.SZ,格力电器,200,8640.0,40.51
20250317,000651.SZ,格力电器,200,8660.0,40.51
20250318,000651.SZ,格力电器,200,8754.0,40.51
20250319,000651.SZ,格力电器,200,8722.0,40.51
20250320,000651.SZ,格力电器,200,8542.0,40.51
20250321,000651.SZ,格力电器,200,8748.0,40.51
20250324,000651.SZ,格力电器,200,8996.0,40.51
20250325,000651.SZ,格力电器,200,9032.0,40.51
20250326,000651.SZ,格力电器,200,8990.0,40.51
20250327,000651.SZ,格力电器,200,9038.0,40.51
20250328,000651.SZ,格力电器,200,9056.0,40.51
20250331,000651.SZ,格力电器,200,9092.0,40.51
20250401,000651.SZ,格力电器,200,9026.0,40.51
20250402,000651.SZ,格力电器,200,9034.0,40.51
20250403,000651.SZ,格力电器,200,9070.0,40.51
20250407,000651.SZ,格力电器,200,8660.0,40.51
20250408,000651.SZ,格力电器,200,8924.0,40.51
20250409,000651.SZ,格力电器,200,8974.0,40.51
20250410,000651.SZ,格力电器,200,8962.0,40.51
20250411,000651.SZ,格力电器,200,9020.0,40.51
20250414,000651.SZ,格力电器,200,8778.0,40.51
20250415,000651.SZ,格力电器,200,8972.0,40.51
20250416,000651.SZ,格力电器,200,9056.0,40.51
20250417,000651.SZ,格力电器,200,8996.0,40.51
20250418,000651.SZ,格力电器,200,9060.0,40.51
20250421,000651.SZ,格力电器,200,9038.0,40.51
20251010,600036.SS,招商银行,200,8036.0,40.21
20251013,600036.SS,招商银行,200,8022.0,40.21
20251014,600036.SS,招商银行,200,8252.0,40.21
20251015,600036.SS,招商银行,200,8300.0,40.21
20251016,600036.SS,招商银行,200,8386.0,40.21
20251017,600036.SS,招商银行,200,8318.0,40.21
20251020,600036.SS,招商银行,200,8284.0,40.21
20251021,600036.SS,招商银行,200,8396.0,40.21
20251022,600036.SS,招商银行,200,8390.0,40.21
20251023,600036.SS,招商银行,200,8448.0,40.21
20251024,600036.SS,招商银行,200,8390.0,40.21
20251027,600036.SS,招商银行,200,8318.0,40.21
20251028,600036.SS,招商银行,200,8320.0,40.21
20251029,600036.SS,招商银行,200,8154.0,40.21
20251030,600036.SS,招商银行,200,8240.0,40.21
20251031,600036.SS,招商银行,200,8178.0,40.21
20251103,600036.SS,招商银行,200,8358.0,40.21
20251104,600036.SS,招商银行,200,8602.0,40.21
20251105,600036.SS,招商银行,200,8560.0,40.21
20251106,600036.SS,招商银行,200,8468.0,40.21
20251107,600036.SS,招商银行,200,8502.0,40.21
20251110,600036.SS,招商银行,200,8544.0,40.21
20251111,600036.SS,招商银行,200,8592.0,40.21
20251112,600036.SS,招商银行,200,8586.0,40.21
20251113,600036.SS,招商银行,200,8642.0,40.21
20251114,600036.SS,招商银行,200,8650.0,40.21
20251117,600036.SS,招商银行,200,8530.0,40.21
20251118,600036.SS,招商银行,200,8576.0,40.21
20251119,600036.SS,招商银行,200,8644.0,40.21
20251120,600036.SS,招商银行,200,8646.0,40.21
20251121,600036.SS,招商银行,200,8600.0,40.21
20251124,600036.SS,招商银行,200,8526.0,40.21
20251125,600036.SS,招商银行,200,8650.0,40.21
20251126,600036.SS,招商银行,200,8650.0,40.21
20251127,600036.SS,招商银行,200,8638.0,40.21
20251128,600036.SS,招商银行,200,8590.0,40.21
20251201,600036.SS,招商银行,200,8688.0,40.21
20251202,600036.SS,招商银行,200,8676.0,40.21
20251203,600036.SS,招商银行,200,8602.0,40.21
20251204,600036.SS,招商银行,200,8644.0,40.21
20251205,600036.SS,招商银行,200,8690.0,40.21
20251208,600036.SS,招商银行,200,8636.0,40.21
20251209,600036.SS,招商银行,200,8608.0,40.21
20251210,600036.SS,招商银行,200,8340.0,40.21
20251211,600036.SS,招商银行,200,8336.0,40.21
20251212,600036.SS,招商银行,200,8348.0,40.21
20251215,600036.SS,招商银行,200,8360.0,40.21
20251216,600036.SS,招商银行,200,8340.0,40.21
20251217,600036.SS,招商银行,200,8304.0,40.21
20251218,600036.SS,招商银行,200,8474.0,40.21
20251219,600036.SS,招商银行,200,8398.0,40.21
20251231,000651.SZ,格力电器,200,8044.0,40.25
