日期,时间,合约代码,最新价,仓位,多/空,持仓成本价,市值,累计盈亏
2021-03-23,15:30:00,601318.SS,80.050,100,多,80.104,8005.000,-5.390
2021-03-24,15:30:00,601318.SS,79.010,100,多,80.104,7901.000,-109.390
2021-03-25,15:30:00,601318.SS,79.200,100,多,80.104,7920.000,-90.390
2021-03-26,15:30:00,601318.SS,80.010,100,多,80.104,8001.000,-9.390
2021-03-29,15:30:00,601318.SS,79.130,100,多,80.104,7913.000,-97.390
2021-03-30,15:30:00,601318.SS,79.370,100,多,80.104,7937.000,-73.390
2021-03-31,15:30:00,601318.SS,78.700,100,多,80.104,7870.000,-140.390
2021-04-01,15:30:00,601318.SS,79.200,100,多,80.104,7920.000,-90.390
2021-04-02,15:30:00,601318.SS,78.880,100,多,80.104,7888.000,-122.390
2021-04-06,15:30:00,601318.SS,79.030,100,多,80.104,7903.000,-107.390
2021-04-07,15:30:00,601318.SS,78.450,100,多,80.104,7845.000,-165.390
2021-04-08,15:30:00,601318.SS,78.630,100,多,80.104,7863.000,-147.390
2021-04-08,15:30:00,000651.SZ,61.850,100,多,61.903,6185.000,-5.300
2021-04-09,15:30:00,601318.SS,77.160,100,多,80.104,7716.000,-294.390
2021-04-09,15:30:00,000651.SZ,61.650,100,多,61.903,6165.000,-25.300
2021-04-12,15:30:00,601318.SS,77.160,100,多,80.104,7716.000,-294.390
2021-04-12,15:30:00,000651.SZ,60.200,100,多,61.903,6020.000,-170.300
2021-04-13,15:30:00,601318.SS,76.560,100,多,80.104,7656.000,-354.390
2021-04-13,15:30:00,000651.SZ,59.170,100,多,61.903,5917.000,-273.300
2021-04-14,15:30:00,601318.SS,77.150,100,多,80.104,7715.000,-295.390
2021-04-14,15:30:00,000651.SZ,59.920,100,多,61.903,5992.000,-198.300
2021-04-15,15:30:00,601318.SS,75.810,100,多,80.104,7581.000,-429.390
2021-04-15,15:30:00,000651.SZ,60.530,100,多,61.903,6053.000,-137.300
2021-04-16,15:30:00,601318.SS,75.700,100,多,80.104,7570.000,-440.390
2021-04-16,15:30:00,000651.SZ,60.880,100,多,61.903,6088.000,-102.300
2021-04-19,15:30:00,601318.SS,76.180,100,多,80.104,7618.000,-392.390
2021-04-19,15:30:00,000651.SZ,60.880,100,多,61.903,6088.000,-102.300
2021-04-20,15:30:00,601318.SS,76.000,100,多,80.104,7600.000,-410.390
2021-04-20,15:30:00,000651.SZ,59.980,100,多,61.903,5998.000,-192.300
2021-04-21,15:30:00,601318.SS,75.620,100,多,80.104,7562.000,-448.390
2021-04-21,15:30:00,000651.SZ,59.620,100,多,61.903,5962.000,-228.300
2021-04-22,15:30:00,601318.SS,74.370,100,多,78.989,7437.000,-461.870
2021-04-22,15:30:00,000651.SZ,59.110,100,多,61.903,5911.000,-279.300
2021-04-23,15:30:00,601318.SS,74.260,100,多,78.989,7426.000,-472.870
2021-04-23,15:30:00,000651.SZ,59.810,100,多,61.903,5981.000,-209.300
2021-04-26,15:30:00,601318.SS,72.890,100,多,78.989,7289.000,-609.870
2021-04-26,15:30:00,000651.SZ,58.500,100,多,61.903,5850.000,-340.300
2021-04-27,15:30:00,601318.SS,73.270,100,多,78.989,7327.000,-571.870
2021-04-27,15:30:00,000651.SZ,57.980,100,多,61.903,5798.000,-392.300
2021-04-28,15:30:00,601318.SS,72.810,100,多,78.989,7281.000,-617.870
2021-04-28,15:30:00,000651.SZ,58.060,100,多,61.903,5806.000,-384.300
2021-04-29,15:30:00,601318.SS,73.820,100,多,78.989,7382.000,-516.870
2021-04-29,15:30:00,000651.SZ,59.510,100,多,61.903,5951.000,-239.300
2021-04-30,15:30:00,601318.SS,72.500,100,多,78.989,7250.000,-648.870
2021-04-30,15:30:00,000651.SZ,59.910,100,多,61.903,5991.000,-199.300
2021-05-06,15:30:00,601318.SS,70.530,100,多,78.989,7053.000,-845.870
2021-05-06,15:30:00,000651.SZ,59.960,100,多,61.903,5996.000,-194.300
2021-05-07,15:30:00,601318.SS,70.100,0,多,0.000,0.000,0.000
2021-05-07,15:30:00,000651.SZ,59.560,100,多,61.903,5956.000,-234.300
2021-05-10,15:30:00,000651.SZ,59.840,100,多,61.903,5984.000,-206.300
2021-05-11,15:30:00,000651.SZ,59.900,100,多,61.903,5990.000,-200.300
2021-05-12,15:30:00,000651.SZ,59.080,100,多,61.903,5908.000,-282.300
2021-05-13,15:30:00,000651.SZ,57.380,100,多,61.903,5738.000,-452.300
2021-05-14,15:30:00,000651.SZ,57.740,100,多,61.903,5774.000,-416.300
2021-05-17,15:30:00,000651.SZ,58.290,100,多,61.903,5829.000,-361.300
2021-05-18,15:30:00,000651.SZ,57.930,100,多,61.903,5793.000,-397.300
2021-05-19,15:30:00,000651.SZ,57.410,100,多,61.903,5741.000,-449.300
2021-05-20,15:30:00,000651.SZ,58.000,100,多,61.903,5800.000,-390.300
2021-05-21,15:30:00,000651.SZ,57.500,100,多,61.903,5750.000,-440.300
2021-05-24,15:30:00,000651.SZ,56.800,100,多,61.903,5680.000,-510.300
2021-05-25,15:30:00,000651.SZ,55.890,100,多,61.903,5589.000,-601.300
2021-05-26,15:30:00,000651.SZ,56.190,100,多,61.903,5619.000,-571.300
2021-05-27,15:30:00,000651.SZ,58.040,100,多,61.903,5804.000,-386.300
2021-05-28,15:30:00,000651.SZ,56.990,100,多,61.903,5699.000,-491.300
2021-05-31,15:30:00,000651.SZ,56.300,100,多,61.903,5630.000,-560.300
2021-06-01,15:30:00,000651.SZ,56.300,200,多,59.128,11260.000,-565.580
2021-06-02,15:30:00,000651.SZ,56.050,200,多,59.128,11210.000,-615.580
2021-06-03,15:30:00,000651.SZ,55.980,200,多,59.128,11196.000,-629.580
2021-06-04,15:30:00,000651.SZ,55.980,200,多,59.128,11196.000,-629.580
2021-06-07,15:30:00,000651.SZ,55.360,200,多,59.128,11072.000,-753.580
2021-06-08,15:30:00,000651.SZ,55.230,200,多,59.128,11046.000,-779.580
2021-06-09,15:30:00,000651.SZ,55.230,200,多,59.128,11046.000,-779.580
2021-06-10,15:30:00,000651.SZ,55.010,200,多,59.128,11002.000,-823.580
2021-06-11,15:30:00,000651.SZ,54.620,200,多,59.128,10924.000,-901.580
2021-06-15,15:30:00,000651.SZ,55.370,200,多,59.128,11074.000,-751.580
2021-06-16,15:30:00,000651.SZ,55.180,200,多,59.128,11036.000,-789.580
2021-06-17,15:30:00,000651.SZ,54.700,200,多,59.128,10940.000,-885.580
2021-06-18,15:30:00,000651.SZ,53.680,200,多,59.128,10736.000,-1089.580
2021-06-21,15:30:00,000651.SZ,51.110,100,多,67.249,5111.000,-1613.940
2021-06-22,15:30:00,000651.SZ,49.820,0,多,0.000,0.000,0.000
2021-08-24,15:30:00,601318.SS,51.800,100,多,51.853,5180.000,-5.250
2021-08-25,15:30:00,601318.SS,51.580,100,多,51.853,5158.000,-27.250
2021-08-26,15:30:00,601318.SS,50.300,100,多,51.853,5030.000,-155.250
2021-08-27,15:30:00,601318.SS,52.000,100,多,51.853,5200.000,14.750
2021-08-30,15:30:00,601318.SS,50.710,100,多,51.853,5071.000,-114.250
2021-08-31,15:30:00,601318.SS,49.900,100,多,51.853,4990.000,-195.250
2021-08-31,15:30:00,000651.SZ,41.100,200,多,41.127,8220.000,-5.400
2021-09-01,15:30:00,601318.SS,51.490,0,多,0.000,0.000,0.000
2021-09-01,15:30:00,000651.SZ,41.660,200,多,41.127,8332.000,106.600
2021-09-02,15:30:00,000651.SZ,40.470,200,多,41.127,8094.000,-131.400
2021-09-03,15:30:00,000651.SZ,40.590,200,多,41.127,8118.000,-107.400
2021-09-06,15:30:00,000651.SZ,41.390,200,多,41.127,8278.000,52.600
2021-09-07,15:30:00,000651.SZ,41.750,200,多,41.127,8350.000,124.600
2021-09-08,15:30:00,000651.SZ,41.530,200,多,41.127,8306.000,80.600
2021-09-09,15:30:00,000651.SZ,41.460,200,多,41.127,8292.000,66.600
2021-09-10,15:30:00,000651.SZ,41.240,200,多,41.127,8248.000,22.600
2021-09-13,15:30:00,000651.SZ,40.800,200,多,41.127,8160.000,-65.400
2021-09-14,15:30:00,000651.SZ,40.210,200,多,41.127,8042.000,-183.400
2021-09-15,15:30:00,000651.SZ,38.990,200,多,41.127,7798.000,-427.400
2021-09-16,15:30:00,000651.SZ,38.210,200,多,41.127,7642.000,-583.400
2021-09-17,15:30:00,000651.SZ,38.260,0,多,0.000,0.000,0.000
2021-10-27,15:30:00,601318.SS,51.650,100,多,51.703,5165.000,-5.250
2021-10-28,15:30:00,601318.SS,51.300,100,多,51.703,5130.000,-40.250
2021-10-29,15:30:00,601318.SS,49.570,100,多,51.703,4957.000,-213.250
2021-11-01,15:30:00,601318.SS,50.120,100,多,51.703,5012.000,-158.250
2021-11-02,15:30:00,601318.SS,50.010,100,多,51.703,5001.000,-169.250
2021-11-03,15:30:00,601318.SS,50.050,100,多,51.703,5005.000,-165.250
2021-11-04,15:30:00,601318.SS,49.700,100,多,51.703,4970.000,-200.250
2021-11-05,15:30:00,601318.SS,49.930,100,多,51.703,4993.000,-177.250
2021-11-08,15:30:00,601318.SS,50.400,100,多,51.703,5040.000,-130.250
2021-11-09,15:30:00,601318.SS,49.690,100,多,51.703,4969.000,-201.250
2021-11-10,15:30:00,601318.SS,49.130,100,多,51.703,4913.000,-257.250
2021-11-11,15:30:00,601318.SS,51.150,100,多,51.703,5115.000,-55.250
2021-11-12,15:30:00,601318.SS,50.610,100,多,51.703,5061.000,-109.250
2021-11-15,15:30:00,601318.SS,50.600,100,多,51.703,5060.000,-110.250
2021-11-16,15:30:00,601318.SS,50.360,100,多,51.703,5036.000,-134.250
2021-11-17,15:30:00,601318.SS,50.050,100,多,51.703,5005.000,-165.250
2021-11-18,15:30:00,601318.SS,49.510,100,多,51.703,4951.000,-219.250
2021-11-19,15:30:00,601318.SS,49.960,100,多,51.703,4996.000,-174.250
2021-11-22,15:30:00,601318.SS,49.710,100,多,51.703,4971.000,-199.250
2021-11-23,15:30:00,601318.SS,49.620,100,多,51.703,4962.000,-208.250
2021-11-24,15:30:00,601318.SS,49.750,100,多,51.703,4975.000,-195.250
2021-11-25,15:30:00,601318.SS,49.400,100,多,51.703,4940.000,-230.250
2021-11-26,15:30:00,601318.SS,48.720,100,多,51.703,4872.000,-298.250
2021-11-29,15:30:00,601318.SS,48.660,100,多,51.703,4866.000,-304.250
2021-11-30,15:30:00,601318.SS,48.220,100,多,51.703,4822.000,-348.250
2021-12-01,15:30:00,601318.SS,48.870,100,多,51.703,4887.000,-283.250
2021-12-02,15:30:00,601318.SS,48.880,100,多,51.703,4888.000,-282.250
2021-12-03,15:30:00,601318.SS,48.990,100,多,51.703,4899.000,-271.250
2021-12-06,15:30:00,601318.SS,49.150,100,多,51.703,4915.000,-255.250
2021-12-07,15:30:00,601318.SS,50.390,100,多,51.703,5039.000,-131.250
2021-12-08,15:30:00,601318.SS,50.340,100,多,51.703,5034.000,-136.250
2021-12-09,15:30:00,601318.SS,51.310,100,多,51.703,5131.000,-39.250
2021-12-10,15:30:00,601318.SS,51.220,100,多,51.703,5122.000,-48.250
2021-12-13,15:30:00,601318.SS,51.150,100,多,51.703,5115.000,-55.250
2021-12-14,15:30:00,601318.SS,50.850,100,多,51.703,5085.000,-85.250
2021-12-15,15:30:00,601318.SS,50.700,100,多,51.703,5070.000,-100.250
2021-12-16,15:30:00,601318.SS,51.200,100,多,51.703,5120.000,-50.250
2021-12-17,15:30:00,601318.SS,50.540,100,多,51.703,5054.000,-116.250
2021-12-20,15:30:00,601318.SS,50.280,100,多,51.703,5028.000,-142.250
2021-12-21,15:30:00,601318.SS,50.840,100,多,51.703,5084.000,-86.250
2021-12-22,15:30:00,601318.SS,50.180,100,多,51.703,5018.000,-152.250
2021-12-23,15:30:00,601318.SS,50.220,100,多,51.703,5022.000,-148.250
2021-12-23,15:30:00,600036.SS,50.220,100,多,50.272,5022.000,-5.240
2021-12-24,15:30:00,601318.SS,49.820,100,多,51.703,4982.000,-188.250
2021-12-24,15:30:00,600036.SS,49.860,100,多,50.272,4986.000,-41.240
2021-12-27,15:30:00,601318.SS,49.980,100,多,51.703,4998.000,-172.250
2021-12-27,15:30:00,600036.SS,49.330,100,多,50.272,4933.000,-94.240
2021-12-28,15:30:00,601318.SS,50.870,100,多,51.703,5087.000,-83.250
2021-12-28,15:30:00,600036.SS,49.630,100,多,50.272,4963.000,-64.240
2021-12-29,15:30:00,601318.SS,50.810,100,多,51.703,5081.000,-89.250
2021-12-29,15:30:00,600036.SS,47.620,100,多,50.272,4762.000,-265.240
2021-12-30,15:30:00,601318.SS,50.410,100,多,51.703,5041.000,-129.250
2021-12-30,15:30:00,600036.SS,48.500,100,多,50.272,4850.000,-177.240
2021-12-31,15:30:00,601318.SS,50.410,100,多,51.703,5041.000,-129.250
2021-12-31,15:30:00,600036.SS,48.710,100,多,50.272,4871.000,-156.240
2022-01-04,15:30:00,601318.SS,51.000,100,多,51.703,5100.000,-70.250
2022-01-04,15:30:00,600036.SS,48.350,100,多,50.272,4835.000,-192.240
2022-01-05,15:30:00,601318.SS,52.070,100,多,51.703,5207.000,36.750
2022-01-05,15:30:00,600036.SS,49.050,0,多,0.000,0.000,0.000
2022-01-06,15:30:00,601318.SS,51.300,100,多,51.703,5130.000,-40.250
2022-01-07,15:30:00,601318.SS,52.940,100,多,51.703,5294.000,123.750
2022-01-10,15:30:00,601318.SS,53.080,100,多,51.703,5308.000,137.750
2022-01-11,15:30:00,601318.SS,52.860,100,多,51.703,5286.000,115.750
2022-01-12,15:30:00,601318.SS,52.500,100,多,51.703,5250.000,79.750
2022-01-13,15:30:00,601318.SS,52.300,100,多,51.703,5230.000,59.750
2022-01-14,15:30:00,601318.SS,51.100,100,多,51.703,5110.000,-60.250
2022-01-17,15:30:00,601318.SS,50.940,100,多,51.703,5094.000,-76.250
2022-01-18,15:30:00,601318.SS,51.230,100,多,51.703,5123.000,-47.250
2022-01-19,15:30:00,601318.SS,51.450,100,多,51.703,5145.000,-25.250
2022-01-20,15:30:00,601318.SS,53.400,100,多,51.703,5340.000,169.750
2022-01-21,15:30:00,601318.SS,53.550,100,多,51.703,5355.000,184.750
2022-01-24,15:30:00,601318.SS,53.130,100,多,51.703,5313.000,142.750
2022-01-25,15:30:00,601318.SS,51.200,100,多,51.703,5120.000,-50.250
2022-01-26,15:30:00,601318.SS,51.830,100,多,51.703,5183.000,12.750
2022-01-27,15:30:00,601318.SS,50.790,100,多,51.703,5079.000,-91.250
2022-01-28,15:30:00,601318.SS,49.970,100,多,51.703,4997.000,-173.250
2022-02-07,15:30:00,601318.SS,51.980,100,多,51.703,5198.000,27.750
2022-02-08,15:30:00,601318.SS,53.000,100,多,51.703,5300.000,129.750
2022-02-09,15:30:00,601318.SS,53.040,100,多,51.703,5304.000,133.750
2022-02-10,15:30:00,601318.SS,54.180,100,多,51.703,5418.000,247.750
2022-02-11,15:30:00,601318.SS,55.590,100,多,51.703,5559.000,388.750
2022-02-14,15:30:00,601318.SS,53.900,100,多,51.703,5390.000,219.750
2022-02-15,15:30:00,601318.SS,53.280,100,多,51.703,5328.000,157.750
2022-02-16,15:30:00,601318.SS,53.840,100,多,51.703,5384.000,213.750
2022-02-17,15:30:00,601318.SS,53.650,100,多,51.703,5365.000,194.750
2022-02-18,15:30:00,601318.SS,54.500,100,多,51.703,5450.000,279.750
2022-02-21,15:30:00,601318.SS,54.160,100,多,51.703,5416.000,245.750
2022-02-22,15:30:00,601318.SS,53.070,100,多,51.703,5307.000,136.750
2022-02-23,15:30:00,601318.SS,52.890,100,多,51.703,5289.000,118.750
2022-02-24,15:30:00,601318.SS,51.460,100,多,51.703,5146.000,-24.250
2022-02-25,15:30:00,601318.SS,51.400,100,多,51.703,5140.000,-30.250
2022-02-28,15:30:00,601318.SS,50.760,100,多,51.703,5076.000,-94.250
2022-03-01,15:30:00,601318.SS,51.390,100,多,51.703,5139.000,-31.250
2022-03-02,15:30:00,601318.SS,50.760,100,多,51.703,5076.000,-94.250
2022-03-03,15:30:00,601318.SS,50.920,100,多,51.703,5092.000,-78.250
2022-03-04,15:30:00,601318.SS,50.100,100,多,51.703,5010.000,-160.250
2022-03-07,15:30:00,601318.SS,48.880,100,多,51.703,4888.000,-282.250
2022-03-08,15:30:00,601318.SS,47.470,100,多,51.703,4747.000,-423.250
2022-03-09,15:30:00,601318.SS,46.920,100,多,51.703,4692.000,-478.250
2022-03-10,15:30:00,601318.SS,46.910,0,多,0.000,0.000,0.000
2022-03-30,15:30:00,000651.SZ,32.070,300,多,32.088,9621.000,-5.460
2022-03-31,15:30:00,000651.SZ,32.300,300,多,32.088,9690.000,63.540
2022-04-01,15:30:00,000651.SZ,33.020,300,多,32.088,9906.000,279.540
2022-04-06,15:30:00,000651.SZ,33.190,300,多,32.088,9957.000,330.540
2022-04-07,15:30:00,000651.SZ,33.080,300,多,32.088,9924.000,297.540
2022-04-08,15:30:00,000651.SZ,32.210,300,多,31.339,9663.000,261.180
2022-04-11,15:30:00,000651.SZ,31.780,300,多,31.339,9534.000,132.180
2022-04-12,15:30:00,000651.SZ,32.460,300,多,31.339,9738.000,336.180
2022-04-13,15:30:00,000651.SZ,31.960,300,多,31.339,9588.000,186.180
2022-04-14,15:30:00,000651.SZ,32.490,300,多,31.339,9747.000,345.180
2022-04-15,15:30:00,000651.SZ,32.380,300,多,31.339,9714.000,312.180
2022-04-18,15:30:00,000651.SZ,32.000,300,多,31.339,9600.000,198.180
2022-04-19,15:30:00,000651.SZ,31.550,300,多,31.339,9465.000,63.180
2022-04-20,15:30:00,000651.SZ,31.730,300,多,31.339,9519.000,117.180
2022-04-21,15:30:00,000651.SZ,31.180,300,多,31.339,9354.000,-47.820
2022-04-21,15:30:00,601318.SS,46.220,200,多,46.247,9244.000,-5.460
2022-04-21,15:30:00,600036.SS,41.280,200,多,41.307,8256.000,-5.400
2022-04-22,15:30:00,000651.SZ,31.970,300,多,31.339,9591.000,189.180
2022-04-22,15:30:00,601318.SS,46.460,200,多,46.247,9292.000,42.540
2022-04-22,15:30:00,600036.SS,42.500,200,多,41.307,8500.000,238.600
2022-04-25,15:30:00,000651.SZ,30.710,300,多,31.339,9213.000,-188.820
2022-04-25,15:30:00,601318.SS,44.850,200,多,46.247,8970.000,-279.460
2022-04-25,15:30:00,600036.SS,38.830,200,多,41.307,7766.000,-495.400
2022-04-26,15:30:00,000651.SZ,30.000,300,多,31.339,9000.000,-401.820
2022-04-26,15:30:00,601318.SS,43.590,200,多,46.247,8718.000,-531.460
2022-04-26,15:30:00,600036.SS,38.410,200,多,41.307,7682.000,-579.400
2022-04-27,15:30:00,000651.SZ,30.460,300,多,31.339,9138.000,-263.820
2022-04-27,15:30:00,601318.SS,43.910,200,多,46.247,8782.000,-467.460
2022-04-27,15:30:00,600036.SS,38.040,200,多,41.307,7608.000,-653.400
2022-04-28,15:30:00,000651.SZ,30.310,300,多,31.339,9093.000,-308.820
2022-04-28,15:30:00,601318.SS,43.660,200,多,46.247,8732.000,-517.460
2022-04-28,15:30:00,600036.SS,39.620,200,多,41.307,7924.000,-337.400
2022-04-29,15:30:00,000651.SZ,31.210,300,多,31.339,9363.000,-38.820
2022-04-29,15:30:00,601318.SS,44.560,200,多,46.247,8912.000,-337.460
2022-04-29,15:30:00,600036.SS,39.930,200,多,41.307,7986.000,-275.400
2022-05-05,15:30:00,000651.SZ,34.220,300,多,31.339,10266.000,864.180
2022-05-05,15:30:00,601318.SS,45.020,200,多,46.247,9004.000,-245.460
2022-05-05,15:30:00,600036.SS,39.260,200,多,41.307,7852.000,-409.400
2022-05-06,15:30:00,000651.SZ,33.960,300,多,31.339,10188.000,786.180
2022-05-06,15:30:00,601318.SS,44.060,200,多,46.247,8812.000,-437.460
2022-05-06,15:30:00,600036.SS,37.910,200,多,41.307,7582.000,-679.400
2022-05-09,15:30:00,000651.SZ,33.370,300,多,31.339,10011.000,609.180
2022-05-09,15:30:00,601318.SS,44.350,200,多,46.247,8870.000,-379.460
2022-05-09,15:30:00,600036.SS,36.470,200,多,41.307,7294.000,-967.400
2022-05-10,15:30:00,000651.SZ,33.550,300,多,31.339,10065.000,663.180
2022-05-10,15:30:00,601318.SS,44.470,200,多,46.247,8894.000,-355.460
2022-05-10,15:30:00,600036.SS,36.980,0,多,0.000,0.000,0.000
2022-05-11,15:30:00,000651.SZ,33.300,300,多,31.339,9990.000,588.180
2022-05-11,15:30:00,601318.SS,44.730,200,多,46.247,8946.000,-303.460
2022-05-12,15:30:00,000651.SZ,33.250,300,多,31.339,9975.000,573.180
2022-05-12,15:30:00,601318.SS,44.000,200,多,46.247,8800.000,-449.460
2022-05-13,15:30:00,000651.SZ,33.530,300,多,31.339,10059.000,657.180
2022-05-13,15:30:00,601318.SS,43.960,200,多,46.247,8792.000,-457.460
2022-05-16,15:30:00,000651.SZ,33.320,300,多,31.339,9996.000,594.180
2022-05-16,15:30:00,601318.SS,43.360,200,多,46.247,8672.000,-577.460
2022-05-17,15:30:00,000651.SZ,33.360,300,多,31.339,10008.000,606.180
2022-05-17,15:30:00,601318.SS,43.820,200,多,46.247,8764.000,-485.460
2022-05-18,15:30:00,000651.SZ,33.000,300,多,31.339,9900.000,498.180
2022-05-18,15:30:00,601318.SS,43.630,200,多,46.247,8726.000,-523.460
2022-05-19,15:30:00,000651.SZ,32.720,300,多,31.339,9816.000,414.180
2022-05-19,15:30:00,601318.SS,43.290,200,多,46.247,8658.000,-591.460
2022-05-20,15:30:00,000651.SZ,33.230,300,多,31.339,9969.000,567.180
2022-05-20,15:30:00,601318.SS,44.310,200,多,46.247,8862.000,-387.460
2022-05-23,15:30:00,000651.SZ,32.380,300,多,31.339,9714.000,312.180
2022-05-23,15:30:00,601318.SS,43.890,200,多,46.247,8778.000,-471.460
2022-05-24,15:30:00,000651.SZ,31.790,300,多,31.339,9537.000,135.180
2022-05-24,15:30:00,601318.SS,43.140,200,多,46.247,8628.000,-621.460
2022-05-25,15:30:00,000651.SZ,31.770,300,多,31.339,9531.000,129.180
2022-05-25,15:30:00,601318.SS,43.230,200,多,46.247,8646.000,-603.460
2022-05-26,15:30:00,000651.SZ,31.740,300,多,31.339,9522.000,120.180
2022-05-26,15:30:00,601318.SS,43.150,200,多,46.247,8630.000,-619.460
2022-05-27,15:30:00,000651.SZ,31.530,300,多,31.339,9459.000,57.180
2022-05-27,15:30:00,601318.SS,43.530,200,多,46.247,8706.000,-543.460
2022-05-30,15:30:00,000651.SZ,31.840,300,多,31.339,9552.000,150.180
2022-05-30,15:30:00,601318.SS,44.150,200,多,46.247,8830.000,-419.460
2022-05-31,15:30:00,000651.SZ,32.170,300,多,31.339,9651.000,249.180
2022-05-31,15:30:00,601318.SS,44.200,200,多,46.247,8840.000,-409.460
2022-06-01,15:30:00,000651.SZ,31.730,300,多,31.339,9519.000,117.180
2022-06-01,15:30:00,601318.SS,44.170,200,多,46.247,8834.000,-415.460
2022-06-02,15:30:00,000651.SZ,31.520,300,多,31.339,9456.000,54.180
2022-06-02,15:30:00,601318.SS,44.000,200,多,46.247,8800.000,-449.460
2022-06-06,15:30:00,000651.SZ,31.700,300,多,31.339,9510.000,108.180
2022-06-06,15:30:00,601318.SS,44.260,200,多,46.247,8852.000,-397.460
2022-06-07,15:30:00,000651.SZ,31.920,300,多,31.339,9576.000,174.180
2022-06-07,15:30:00,601318.SS,44.150,200,多,46.247,8830.000,-419.460
2022-06-08,15:30:00,000651.SZ,31.810,300,多,31.339,9543.000,141.180
2022-06-08,15:30:00,601318.SS,44.590,200,多,46.247,8918.000,-331.460
2022-06-09,15:30:00,000651.SZ,31.310,300,多,31.339,9393.000,-8.820
2022-06-09,15:30:00,601318.SS,44.620,200,多,46.247,8924.000,-325.460
2022-06-10,15:30:00,000651.SZ,31.550,300,多,31.339,9465.000,63.180
2022-06-10,15:30:00,601318.SS,44.940,200,多,46.247,8988.000,-261.460
2022-06-13,15:30:00,000651.SZ,31.320,300,多,31.339,9396.000,-5.820
2022-06-13,15:30:00,601318.SS,44.140,200,多,46.247,8828.000,-421.460
2022-06-14,15:30:00,000651.SZ,31.640,300,多,31.339,9492.000,90.180
2022-06-14,15:30:00,601318.SS,45.220,200,多,46.247,9044.000,-205.460
2022-06-15,15:30:00,000651.SZ,32.350,300,多,31.339,9705.000,303.180
2022-06-15,15:30:00,601318.SS,47.650,200,多,46.247,9530.000,280.540
2022-06-16,15:30:00,000651.SZ,32.000,300,多,31.339,9600.000,198.180
2022-06-16,15:30:00,601318.SS,46.500,200,多,46.247,9300.000,50.540
2022-06-17,15:30:00,000651.SZ,32.650,300,多,31.339,9795.000,393.180
2022-06-17,15:30:00,601318.SS,47.030,200,多,46.247,9406.000,156.540
2022-06-20,15:30:00,000651.SZ,32.960,300,多,31.339,9888.000,486.180
2022-06-20,15:30:00,601318.SS,45.360,200,多,45.059,9072.000,60.140
2022-06-21,15:30:00,000651.SZ,33.180,300,多,31.339,9954.000,552.180
2022-06-21,15:30:00,601318.SS,46.130,200,多,45.059,9226.000,214.140
2022-06-22,15:30:00,000651.SZ,32.120,300,多,31.339,9636.000,234.180
2022-06-22,15:30:00,601318.SS,45.400,200,多,45.059,9080.000,68.140
2022-06-23,15:30:00,000651.SZ,32.250,300,多,31.339,9675.000,273.180
2022-06-23,15:30:00,601318.SS,46.250,200,多,45.059,9250.000,238.140
2022-06-24,15:30:00,000651.SZ,33.900,300,多,31.339,10170.000,768.180
2022-06-24,15:30:00,601318.SS,46.760,200,多,45.059,9352.000,340.140
2022-06-27,15:30:00,000651.SZ,33.250,300,多,31.339,9975.000,573.180
2022-06-27,15:30:00,601318.SS,46.800,200,多,45.059,9360.000,348.140
2022-06-28,15:30:00,000651.SZ,33.450,300,多,31.339,10035.000,633.180
2022-06-28,15:30:00,601318.SS,46.900,200,多,45.059,9380.000,368.140
2022-06-29,15:30:00,000651.SZ,33.270,300,多,31.339,9981.000,579.180
2022-06-29,15:30:00,601318.SS,46.790,200,多,45.059,9358.000,346.140
2022-06-30,15:30:00,000651.SZ,33.720,300,多,31.339,10116.000,714.180
2022-06-30,15:30:00,601318.SS,46.690,200,多,45.059,9338.000,326.140
2022-07-01,15:30:00,000651.SZ,33.450,300,多,31.339,10035.000,633.180
2022-07-01,15:30:00,601318.SS,46.310,200,多,45.059,9262.000,250.140
2022-07-04,15:30:00,000651.SZ,33.640,300,多,31.339,10092.000,690.180
2022-07-04,15:30:00,601318.SS,46.460,200,多,45.059,9292.000,280.140
2022-07-05,15:30:00,000651.SZ,33.170,300,多,31.339,9951.000,549.180
2022-07-05,15:30:00,601318.SS,46.610,200,多,45.059,9322.000,310.140
2022-07-06,15:30:00,000651.SZ,32.810,300,多,31.339,9843.000,441.180
2022-07-06,15:30:00,601318.SS,45.850,200,多,45.059,9170.000,158.140
2022-07-07,15:30:00,000651.SZ,32.890,300,多,31.339,9867.000,465.180
2022-07-07,15:30:00,601318.SS,45.600,200,多,45.059,9120.000,108.140
2022-07-08,15:30:00,000651.SZ,33.400,300,多,31.339,10020.000,618.180
2022-07-08,15:30:00,601318.SS,45.820,200,多,45.059,9164.000,152.140
2022-07-08,15:30:00,600036.SS,39.810,200,多,39.837,7962.000,-5.380
2022-07-11,15:30:00,000651.SZ,33.990,300,多,31.339,10197.000,795.180
2022-07-11,15:30:00,601318.SS,45.380,200,多,45.059,9076.000,64.140
2022-07-11,15:30:00,600036.SS,39.440,200,多,39.837,7888.000,-79.380
2022-07-12,15:30:00,000651.SZ,34.930,300,多,31.339,10479.000,1077.180
2022-07-12,15:30:00,601318.SS,45.510,200,多,45.059,9102.000,90.140
2022-07-12,15:30:00,600036.SS,39.300,200,多,39.837,7860.000,-107.380
2022-07-13,15:30:00,000651.SZ,34.970,300,多,31.339,10491.000,1089.180
2022-07-13,15:30:00,601318.SS,45.080,200,多,45.059,9016.000,4.140
2022-07-13,15:30:00,600036.SS,37.900,200,多,39.837,7580.000,-387.380
2022-07-14,15:30:00,000651.SZ,34.180,300,多,31.339,10254.000,852.180
2022-07-14,15:30:00,601318.SS,43.600,200,多,45.059,8720.000,-291.860
2022-07-14,15:30:00,600036.SS,36.480,200,多,39.837,7296.000,-671.380
2022-07-15,15:30:00,000651.SZ,33.700,300,多,31.339,10110.000,708.180
2022-07-15,15:30:00,601318.SS,42.710,200,多,45.059,8542.000,-469.860
2022-07-15,15:30:00,600036.SS,34.870,200,多,38.619,6974.000,-749.860
2022-07-18,15:30:00,000651.SZ,34.300,300,多,31.339,10290.000,888.180
2022-07-18,15:30:00,601318.SS,43.450,200,多,45.059,8690.000,-321.860
2022-07-18,15:30:00,600036.SS,35.630,200,多,38.619,7126.000,-597.860
2022-07-19,15:30:00,000651.SZ,34.080,300,多,31.339,10224.000,822.180
2022-07-19,15:30:00,601318.SS,43.400,200,多,45.059,8680.000,-331.860
2022-07-19,15:30:00,600036.SS,35.710,200,多,38.619,7142.000,-581.860
2022-07-20,15:30:00,000651.SZ,34.110,300,多,31.339,10233.000,831.180
2022-07-20,15:30:00,601318.SS,43.400,200,多,45.059,8680.000,-331.860
2022-07-20,15:30:00,600036.SS,35.850,200,多,38.619,7170.000,-553.860
2022-07-21,15:30:00,000651.SZ,33.950,300,多,31.339,10185.000,783.180
2022-07-21,15:30:00,601318.SS,42.740,200,多,45.059,8548.000,-463.860
2022-07-21,15:30:00,600036.SS,35.460,200,多,38.619,7092.000,-631.860
2022-07-22,15:30:00,000651.SZ,33.940,300,多,31.339,10182.000,780.180
2022-07-22,15:30:00,601318.SS,43.050,200,多,45.059,8610.000,-401.860
2022-07-22,15:30:00,600036.SS,35.590,200,多,38.619,7118.000,-605.860
2022-07-25,15:30:00,000651.SZ,34.230,300,多,31.339,10269.000,867.180
2022-07-25,15:30:00,601318.SS,42.920,200,多,45.059,8584.000,-427.860
2022-07-25,15:30:00,600036.SS,35.850,200,多,38.619,7170.000,-553.860
2022-07-26,15:30:00,000651.SZ,34.130,300,多,31.339,10239.000,837.180
2022-07-26,15:30:00,601318.SS,43.200,200,多,45.059,8640.000,-371.860
2022-07-26,15:30:00,600036.SS,36.330,200,多,38.619,7266.000,-457.860
2022-07-27,15:30:00,000651.SZ,33.410,300,多,31.339,10023.000,621.180
2022-07-27,15:30:00,601318.SS,42.790,200,多,45.059,8558.000,-453.860
2022-07-27,15:30:00,600036.SS,36.050,200,多,38.619,7210.000,-513.860
2022-07-28,15:30:00,000651.SZ,33.310,300,多,31.339,9993.000,591.180
2022-07-28,15:30:00,601318.SS,42.720,200,多,45.059,8544.000,-467.860
2022-07-28,15:30:00,600036.SS,35.780,200,多,38.619,7156.000,-567.860
2022-07-29,15:30:00,000651.SZ,33.260,300,多,31.339,9978.000,576.180
2022-07-29,15:30:00,601318.SS,42.120,200,多,45.059,8424.000,-587.860
2022-07-29,15:30:00,600036.SS,35.070,200,多,38.619,7014.000,-709.860
2022-08-01,15:30:00,000651.SZ,33.010,300,多,31.339,9903.000,501.180
2022-08-01,15:30:00,601318.SS,41.840,200,多,45.059,8368.000,-643.860
2022-08-01,15:30:00,600036.SS,34.520,200,多,38.619,6904.000,-819.860
2022-08-02,15:30:00,000651.SZ,31.860,300,多,31.339,9558.000,156.180
2022-08-02,15:30:00,601318.SS,41.170,200,多,45.059,8234.000,-777.860
2022-08-02,15:30:00,600036.SS,33.910,200,多,38.619,6782.000,-941.860
2022-08-03,15:30:00,000651.SZ,31.820,300,多,31.339,9546.000,144.180
2022-08-03,15:30:00,601318.SS,40.830,200,多,45.059,8166.000,-845.860
2022-08-03,15:30:00,600036.SS,33.060,200,多,38.619,6612.000,-1111.860
2022-08-04,15:30:00,000651.SZ,32.160,300,多,31.339,9648.000,246.180
2022-08-04,15:30:00,601318.SS,41.080,200,多,45.059,8216.000,-795.860
2022-08-04,15:30:00,600036.SS,33.660,200,多,38.619,6732.000,-991.860
2022-08-05,15:30:00,000651.SZ,30.730,300,多,29.767,9219.000,289.020
2022-08-05,15:30:00,601318.SS,41.540,200,多,45.059,8308.000,-703.860
2022-08-05,15:30:00,600036.SS,34.300,200,多,38.619,6860.000,-863.860
2022-08-08,15:30:00,000651.SZ,30.550,300,多,29.767,9165.000,235.020
2022-08-08,15:30:00,601318.SS,41.180,200,多,45.059,8236.000,-775.860
2022-08-08,15:30:00,600036.SS,33.910,200,多,38.619,6782.000,-941.860
2022-08-09,15:30:00,000651.SZ,30.610,300,多,29.767,9183.000,253.020
2022-08-09,15:30:00,601318.SS,40.960,200,多,45.059,8192.000,-819.860
2022-08-09,15:30:00,600036.SS,33.600,200,多,38.619,6720.000,-1003.860
2022-08-10,15:30:00,000651.SZ,30.420,300,多,29.767,9126.000,196.020
2022-08-10,15:30:00,601318.SS,40.400,200,多,45.059,8080.000,-931.860
2022-08-10,15:30:00,600036.SS,33.150,200,多,38.619,6630.000,-1093.860
2022-08-11,15:30:00,000651.SZ,30.830,300,多,29.767,9249.000,319.020
2022-08-11,15:30:00,601318.SS,41.460,400,多,43.273,16584.000,-725.240
2022-08-11,15:30:00,600036.SS,34.360,200,多,38.619,6872.000,-851.860
2022-08-12,15:30:00,000651.SZ,30.890,300,多,29.767,9267.000,337.020
2022-08-12,15:30:00,601318.SS,41.610,400,多,43.273,16644.000,-665.240
2022-08-12,15:30:00,600036.SS,34.370,200,多,38.619,6874.000,-849.860
2022-08-15,15:30:00,000651.SZ,30.890,300,多,29.767,9267.000,337.020
2022-08-15,15:30:00,601318.SS,41.140,400,多,43.273,16456.000,-853.240
2022-08-15,15:30:00,600036.SS,33.730,200,多,38.619,6746.000,-977.860
2022-08-16,15:30:00,000651.SZ,30.860,300,多,29.767,9258.000,328.020
2022-08-16,15:30:00,601318.SS,40.990,400,多,43.273,16396.000,-913.240
2022-08-16,15:30:00,600036.SS,33.910,200,多,38.619,6782.000,-941.860
2022-08-17,15:30:00,000651.SZ,30.980,300,多,29.767,9294.000,364.020
2022-08-17,15:30:00,601318.SS,41.290,400,多,43.273,16516.000,-793.240
2022-08-17,15:30:00,600036.SS,34.240,200,多,38.619,6848.000,-875.860
2022-08-18,15:30:00,000651.SZ,30.430,300,多,29.767,9129.000,199.020
2022-08-18,15:30:00,601318.SS,40.810,400,多,43.273,16324.000,-985.240
2022-08-18,15:30:00,600036.SS,33.720,200,多,38.619,6744.000,-979.860
2022-08-19,15:30:00,000651.SZ,30.460,300,多,29.767,9138.000,208.020
2022-08-19,15:30:00,601318.SS,40.970,400,多,43.273,16388.000,-921.240
2022-08-19,15:30:00,600036.SS,33.850,200,多,38.619,6770.000,-953.860
2022-08-22,15:30:00,000651.SZ,30.490,300,多,29.767,9147.000,217.020
2022-08-22,15:30:00,601318.SS,41.150,400,多,43.273,16460.000,-849.240
2022-08-22,15:30:00,600036.SS,33.620,200,多,38.619,6724.000,-999.860
2022-08-23,15:30:00,000651.SZ,30.230,300,多,29.767,9069.000,139.020
2022-08-23,15:30:00,601318.SS,40.720,400,多,43.273,16288.000,-1021.240
2022-08-23,15:30:00,600036.SS,33.100,200,多,38.619,6620.000,-1103.860
2022-08-24,15:30:00,000651.SZ,30.040,300,多,29.767,9012.000,82.020
2022-08-24,15:30:00,601318.SS,41.610,400,多,43.273,16644.000,-665.240
2022-08-24,15:30:00,600036.SS,32.840,500,多,35.163,16420.000,-1161.350
2022-08-25,15:30:00,000651.SZ,30.360,300,多,29.767,9108.000,178.020
2022-08-25,15:30:00,601318.SS,43.100,400,多,43.273,17240.000,-69.240
2022-08-25,15:30:00,600036.SS,33.690,500,多,35.163,16845.000,-736.350
2022-08-26,15:30:00,000651.SZ,30.150,300,多,29.767,9045.000,115.020
2022-08-26,15:30:00,601318.SS,43.120,400,多,43.273,17248.000,-61.240
2022-08-26,15:30:00,600036.SS,33.700,500,多,35.163,16850.000,-731.350
2022-08-29,15:30:00,000651.SZ,30.330,300,多,29.767,9099.000,169.020
2022-08-29,15:30:00,601318.SS,43.070,400,多,43.273,17228.000,-81.240
2022-08-29,15:30:00,600036.SS,33.280,500,多,35.163,16640.000,-941.350
2022-08-30,15:30:00,000651.SZ,30.550,300,多,29.767,9165.000,235.020
2022-08-30,15:30:00,601318.SS,42.890,400,多,43.273,17156.000,-153.240
2022-08-30,15:30:00,600036.SS,33.790,500,多,35.163,16895.000,-686.350
2022-08-31,15:30:00,000651.SZ,31.930,300,多,29.767,9579.000,649.020
2022-08-31,15:30:00,601318.SS,43.840,400,多,43.273,17536.000,226.760
2022-08-31,15:30:00,600036.SS,35.050,500,多,35.163,17525.000,-56.350
2022-09-01,15:30:00,000651.SZ,32.850,300,多,29.767,9855.000,925.020
2022-09-01,15:30:00,601318.SS,43.650,400,多,43.273,17460.000,150.760
2022-09-01,15:30:00,600036.SS,34.500,500,多,35.163,17250.000,-331.350
2022-09-02,15:30:00,000651.SZ,33.020,300,多,29.767,9906.000,976.020
2022-09-02,15:30:00,601318.SS,43.700,400,多,43.273,17480.000,170.760
2022-09-02,15:30:00,600036.SS,34.320,500,多,35.163,17160.000,-421.350
2022-09-05,15:30:00,000651.SZ,33.360,300,多,29.767,10008.000,1078.020
2022-09-05,15:30:00,601318.SS,43.800,400,多,43.273,17520.000,210.760
2022-09-05,15:30:00,600036.SS,34.230,500,多,35.163,17115.000,-466.350
2022-09-06,15:30:00,000651.SZ,33.160,300,多,29.767,9948.000,1018.020
2022-09-06,15:30:00,601318.SS,43.900,400,多,43.273,17560.000,250.760
2022-09-06,15:30:00,600036.SS,33.620,500,多,35.163,16810.000,-771.350
2022-09-07,15:30:00,000651.SZ,32.970,300,多,29.767,9891.000,961.020
2022-09-07,15:30:00,601318.SS,43.600,400,多,43.273,17440.000,130.760
2022-09-07,15:30:00,600036.SS,33.380,500,多,35.163,16690.000,-891.350
2022-09-08,15:30:00,000651.SZ,33.180,300,多,29.767,9954.000,1024.020
2022-09-08,15:30:00,601318.SS,43.840,400,多,43.273,17536.000,226.760
2022-09-08,15:30:00,600036.SS,33.300,500,多,35.163,16650.000,-931.350
2022-09-09,15:30:00,000651.SZ,34.670,300,多,29.767,10401.000,1471.020
2022-09-09,15:30:00,601318.SS,44.690,400,多,43.273,17876.000,566.760
2022-09-09,15:30:00,600036.SS,34.500,500,多,35.163,17250.000,-331.350
2022-09-13,15:30:00,000651.SZ,35.150,300,多,29.767,10545.000,1615.020
2022-09-13,15:30:00,601318.SS,45.060,400,多,43.273,18024.000,714.760
2022-09-13,15:30:00,600036.SS,35.350,500,多,35.163,17675.000,93.650
2022-09-14,15:30:00,000651.SZ,34.920,300,多,29.767,10476.000,1546.020
2022-09-14,15:30:00,601318.SS,44.650,400,多,43.273,17860.000,550.760
2022-09-14,15:30:00,600036.SS,34.860,500,多,35.163,17430.000,-151.350
2022-09-15,15:30:00,000651.SZ,35.100,300,多,29.767,10530.000,1600.020
2022-09-15,15:30:00,601318.SS,45.090,400,多,43.273,18036.000,726.760
2022-09-15,15:30:00,600036.SS,36.010,500,多,35.163,18005.000,423.650
2022-09-16,15:30:00,000651.SZ,34.590,300,多,29.767,10377.000,1447.020
2022-09-16,15:30:00,601318.SS,43.930,400,多,43.273,17572.000,262.760
2022-09-16,15:30:00,600036.SS,34.950,500,多,35.163,17475.000,-106.350
2022-09-19,15:30:00,000651.SZ,34.460,300,多,29.767,10338.000,1408.020
2022-09-19,15:30:00,601318.SS,43.930,400,多,43.273,17572.000,262.760
2022-09-19,15:30:00,600036.SS,35.090,500,多,35.163,17545.000,-36.350
2022-09-20,15:30:00,000651.SZ,34.200,300,多,29.767,10260.000,1330.020
2022-09-20,15:30:00,601318.SS,43.240,400,多,43.273,17296.000,-13.240
2022-09-20,15:30:00,600036.SS,34.540,500,多,35.163,17270.000,-311.350
2022-09-21,15:30:00,000651.SZ,34.350,300,多,29.767,10305.000,1375.020
2022-09-21,15:30:00,601318.SS,43.150,400,多,43.273,17260.000,-49.240
2022-09-21,15:30:00,600036.SS,34.410,500,多,35.163,17205.000,-376.350
2022-09-22,15:30:00,000651.SZ,33.120,300,多,29.767,9936.000,1006.020
2022-09-22,15:30:00,601318.SS,42.480,400,多,43.273,16992.000,-317.240
2022-09-22,15:30:00,600036.SS,34.170,500,多,35.163,17085.000,-496.350
2022-09-23,15:30:00,000651.SZ,33.080,300,多,29.767,9924.000,994.020
2022-09-23,15:30:00,601318.SS,43.020,400,多,43.273,17208.000,-101.240
2022-09-23,15:30:00,600036.SS,34.360,500,多,35.163,17180.000,-401.350
2022-09-26,15:30:00,000651.SZ,32.860,300,多,29.767,9858.000,928.020
2022-09-26,15:30:00,601318.SS,42.490,400,多,43.273,16996.000,-313.240
2022-09-26,15:30:00,600036.SS,33.950,500,多,35.163,16975.000,-606.350
2022-09-27,15:30:00,000651.SZ,33.450,300,多,29.767,10035.000,1105.020
2022-09-27,15:30:00,601318.SS,42.440,400,多,43.273,16976.000,-333.240
2022-09-27,15:30:00,600036.SS,33.900,500,多,35.163,16950.000,-631.350
2022-09-28,15:30:00,000651.SZ,33.000,300,多,29.767,9900.000,970.020
2022-09-28,15:30:00,601318.SS,41.890,400,多,43.273,16756.000,-553.240
2022-09-28,15:30:00,600036.SS,33.670,500,多,35.163,16835.000,-746.350
2022-09-29,15:30:00,000651.SZ,32.550,300,多,29.767,9765.000,835.020
2022-09-29,15:30:00,601318.SS,41.320,400,多,43.273,16528.000,-781.240
2022-09-29,15:30:00,600036.SS,33.150,500,多,35.163,16575.000,-1006.350
2022-09-30,15:30:00,000651.SZ,32.430,300,多,29.767,9729.000,799.020
2022-09-30,15:30:00,601318.SS,41.580,400,多,43.273,16632.000,-677.240
2022-09-30,15:30:00,600036.SS,33.650,500,多,35.163,16825.000,-756.350
2022-10-10,15:30:00,000651.SZ,32.200,300,多,29.767,9660.000,730.020
2022-10-10,15:30:00,601318.SS,41.430,400,多,43.273,16572.000,-737.240
2022-10-10,15:30:00,600036.SS,31.800,500,多,35.163,15900.000,-1681.350
2022-10-11,15:30:00,000651.SZ,31.940,300,多,29.767,9582.000,652.020
2022-10-11,15:30:00,601318.SS,41.200,400,多,43.273,16480.000,-829.240
2022-10-11,15:30:00,600036.SS,31.400,0,多,0.000,0.000,0.000
2022-10-12,15:30:00,000651.SZ,32.280,300,多,29.767,9684.000,754.020
2022-10-12,15:30:00,601318.SS,41.920,400,多,43.273,16768.000,-541.240
2022-10-13,15:30:00,000651.SZ,31.690,300,多,29.767,9507.000,577.020
2022-10-13,15:30:00,601318.SS,41.360,400,多,43.273,16544.000,-765.240
2022-10-14,15:30:00,000651.SZ,32.390,300,多,29.767,9717.000,787.020
2022-10-14,15:30:00,601318.SS,41.940,400,多,43.273,16776.000,-533.240
2022-10-17,15:30:00,000651.SZ,32.270,300,多,29.767,9681.000,751.020
2022-10-17,15:30:00,601318.SS,42.100,400,多,43.273,16840.000,-469.240
2022-10-18,15:30:00,000651.SZ,32.340,300,多,29.767,9702.000,772.020
2022-10-18,15:30:00,601318.SS,41.750,400,多,43.273,16700.000,-609.240
2022-10-19,15:30:00,000651.SZ,31.130,300,多,29.767,9339.000,409.020
2022-10-19,15:30:00,601318.SS,41.270,400,多,43.273,16508.000,-801.240
2022-10-20,15:30:00,000651.SZ,30.660,300,多,29.767,9198.000,268.020
2022-10-20,15:30:00,601318.SS,40.010,400,多,42.549,16004.000,-1015.640
2022-10-21,15:30:00,000651.SZ,30.600,300,多,29.767,9180.000,250.020
2022-10-21,15:30:00,601318.SS,39.650,400,多,42.549,15860.000,-1159.640
2022-10-24,15:30:00,000651.SZ,29.980,300,多,29.767,8994.000,64.020
2022-10-24,15:30:00,601318.SS,37.700,400,多,42.549,15080.000,-1939.640
2022-10-25,15:30:00,000651.SZ,29.800,300,多,29.767,8940.000,10.020
2022-10-25,15:30:00,601318.SS,37.720,0,多,0.000,0.000,0.000
2022-10-26,15:30:00,000651.SZ,30.020,300,多,29.767,9006.000,76.020
2022-10-27,15:30:00,000651.SZ,30.410,300,多,29.767,9123.000,193.020
2022-10-28,15:30:00,000651.SZ,30.190,300,多,29.767,9057.000,127.020
2022-10-31,15:30:00,000651.SZ,28.670,300,多,29.767,8601.000,-328.980
2022-11-01,15:30:00,000651.SZ,29.370,300,多,29.767,8811.000,-118.980
2022-11-01,15:30:00,600036.SS,28.190,300,多,28.208,8457.000,-5.400
2022-11-02,15:30:00,000651.SZ,29.550,300,多,29.767,8865.000,-64.980
2022-11-02,15:30:00,600036.SS,28.420,300,多,28.208,8526.000,63.600
2022-11-03,15:30:00,000651.SZ,29.290,300,多,29.767,8787.000,-142.980
2022-11-03,15:30:00,600036.SS,28.050,300,多,28.208,8415.000,-47.400
2022-11-04,15:30:00,000651.SZ,30.160,300,多,29.767,9048.000,118.020
2022-11-04,15:30:00,600036.SS,29.080,300,多,28.208,8724.000,261.600
2022-11-07,15:30:00,000651.SZ,30.270,300,多,29.767,9081.000,151.020
2022-11-07,15:30:00,600036.SS,29.160,300,多,28.208,8748.000,285.600
2022-11-08,15:30:00,000651.SZ,30.140,300,多,29.767,9042.000,112.020
2022-11-08,15:30:00,600036.SS,29.150,300,多,28.208,8745.000,282.600
2022-11-09,15:30:00,000651.SZ,30.260,300,多,29.767,9078.000,148.020
2022-11-09,15:30:00,600036.SS,29.180,300,多,28.208,8754.000,291.600
2022-11-10,15:30:00,000651.SZ,30.120,300,多,29.767,9036.000,106.020
2022-11-10,15:30:00,600036.SS,29.190,300,多,28.208,8757.000,294.600
2022-11-11,15:30:00,000651.SZ,31.110,300,多,29.767,9333.000,403.020
2022-11-11,15:30:00,600036.SS,31.240,300,多,28.208,9372.000,909.600
2022-11-14,15:30:00,000651.SZ,31.710,300,多,29.767,9513.000,583.020
2022-11-14,15:30:00,600036.SS,33.140,300,多,28.208,9942.000,1479.600
2022-11-15,15:30:00,000651.SZ,31.990,300,多,29.767,9597.000,667.020
2022-11-15,15:30:00,600036.SS,33.280,300,多,28.208,9984.000,1521.600
2022-11-16,15:30:00,000651.SZ,31.730,300,多,29.767,9519.000,589.020
2022-11-16,15:30:00,600036.SS,33.380,300,多,28.208,10014.000,1551.600
2022-11-17,15:30:00,000651.SZ,31.750,300,多,29.767,9525.000,595.020
2022-11-17,15:30:00,600036.SS,32.310,300,多,28.208,9693.000,1230.600
2022-11-18,15:30:00,000651.SZ,31.760,300,多,29.767,9528.000,598.020
2022-11-18,15:30:00,600036.SS,32.070,300,多,28.208,9621.000,1158.600
2022-11-21,15:30:00,000651.SZ,31.100,300,多,29.767,9330.000,400.020
2022-11-21,15:30:00,600036.SS,31.870,300,多,28.208,9561.000,1098.600
2022-11-22,15:30:00,000651.SZ,31.290,600,多,30.537,18774.000,451.560
2022-11-22,15:30:00,600036.SS,32.450,300,多,28.208,9735.000,1272.600
2022-11-23,15:30:00,000651.SZ,31.200,600,多,30.537,18720.000,397.560
2022-11-23,15:30:00,600036.SS,32.220,300,多,28.208,9666.000,1203.600
2022-11-24,15:30:00,000651.SZ,31.220,600,多,30.537,18732.000,409.560
2022-11-24,15:30:00,600036.SS,32.220,300,多,28.208,9666.000,1203.600
2022-11-25,15:30:00,000651.SZ,31.760,600,多,30.537,19056.000,733.560
2022-11-25,15:30:00,600036.SS,33.020,300,多,28.208,9906.000,1443.600
2022-11-28,15:30:00,000651.SZ,31.500,600,多,30.537,18900.000,577.560
2022-11-28,15:30:00,600036.SS,31.960,300,多,28.208,9588.000,1125.600
2022-11-29,15:30:00,000651.SZ,32.470,600,多,30.537,19482.000,1159.560
2022-11-29,15:30:00,600036.SS,34.860,300,多,28.208,10458.000,1995.600
2022-11-30,15:30:00,000651.SZ,32.170,600,多,30.537,19302.000,979.560
2022-11-30,15:30:00,600036.SS,34.960,300,多,28.208,10488.000,2025.600
2022-12-01,15:30:00,000651.SZ,32.420,600,多,30.537,19452.000,1129.560
2022-12-01,15:30:00,600036.SS,35.000,300,多,28.208,10500.000,2037.600
2022-12-02,15:30:00,000651.SZ,32.230,600,多,30.537,19338.000,1015.560
2022-12-02,15:30:00,600036.SS,34.390,300,多,28.208,10317.000,1854.600
2022-12-05,15:30:00,000651.SZ,32.880,600,多,30.537,19728.000,1405.560
2022-12-05,15:30:00,600036.SS,36.100,300,多,28.208,10830.000,2367.600
2022-12-06,15:30:00,000651.SZ,32.940,600,多,30.537,19764.000,1441.560
2022-12-06,15:30:00,600036.SS,35.850,300,多,28.208,10755.000,2292.600
2022-12-07,15:30:00,000651.SZ,33.120,600,多,30.537,19872.000,1549.560
2022-12-07,15:30:00,600036.SS,35.320,300,多,28.208,10596.000,2133.600
2022-12-08,15:30:00,000651.SZ,33.010,600,多,30.537,19806.000,1483.560
2022-12-08,15:30:00,600036.SS,35.450,300,多,28.208,10635.000,2172.600
2022-12-09,15:30:00,000651.SZ,33.880,600,多,30.537,20328.000,2005.560
2022-12-09,15:30:00,600036.SS,36.750,300,多,28.208,11025.000,2562.600
2022-12-12,15:30:00,000651.SZ,33.280,600,多,30.537,19968.000,1645.560
2022-12-12,15:30:00,600036.SS,35.790,300,多,28.208,10737.000,2274.600
2022-12-13,15:30:00,000651.SZ,33.370,600,多,30.537,20022.000,1699.560
2022-12-13,15:30:00,600036.SS,36.140,300,多,28.208,10842.000,2379.600
2022-12-14,15:30:00,000651.SZ,33.400,600,多,30.537,20040.000,1717.560
2022-12-14,15:30:00,600036.SS,36.910,300,多,28.208,11073.000,2610.600
2022-12-15,15:30:00,000651.SZ,33.010,600,多,30.537,19806.000,1483.560
2022-12-15,15:30:00,600036.SS,36.330,300,多,28.208,10899.000,2436.600
2022-12-16,15:30:00,000651.SZ,33.260,600,多,30.537,19956.000,1633.560
2022-12-16,15:30:00,600036.SS,37.090,300,多,28.208,11127.000,2664.600
2022-12-19,15:30:00,000651.SZ,32.820,600,多,30.537,19692.000,1369.560
2022-12-19,15:30:00,600036.SS,36.500,300,多,28.208,10950.000,2487.600
2022-12-20,15:30:00,000651.SZ,32.300,600,多,30.537,19380.000,1057.560
2022-12-20,15:30:00,600036.SS,35.720,300,多,28.208,10716.000,2253.600
2022-12-21,15:30:00,000651.SZ,32.430,600,多,30.537,19458.000,1135.560
2022-12-21,15:30:00,600036.SS,35.950,300,多,28.208,10785.000,2322.600
2022-12-22,15:30:00,000651.SZ,32.940,600,多,30.537,19764.000,1441.560
2022-12-22,15:30:00,600036.SS,36.500,300,多,28.208,10950.000,2487.600
2022-12-23,15:30:00,000651.SZ,32.780,600,多,30.537,19668.000,1345.560
2022-12-23,15:30:00,600036.SS,36.370,300,多,28.208,10911.000,2448.600
2022-12-26,15:30:00,000651.SZ,32.350,600,多,30.537,19410.000,1087.560
2022-12-26,15:30:00,600036.SS,35.950,300,多,28.208,10785.000,2322.600
2022-12-27,15:30:00,000651.SZ,32.630,600,多,30.537,19578.000,1255.560
2022-12-27,15:30:00,600036.SS,36.670,300,多,28.208,11001.000,2538.600
2022-12-28,15:30:00,000651.SZ,32.570,600,多,30.537,19542.000,1219.560
2022-12-28,15:30:00,600036.SS,37.330,300,多,28.208,11199.000,2736.600
2022-12-29,15:30:00,000651.SZ,32.160,600,多,30.537,19296.000,973.560
2022-12-29,15:30:00,600036.SS,37.230,300,多,28.208,11169.000,2706.600
2022-12-30,15:30:00,000651.SZ,32.320,600,多,30.537,19392.000,1069.560
2022-12-30,15:30:00,600036.SS,37.260,300,多,28.208,11178.000,2715.600
2023-01-03,15:30:00,000651.SZ,32.500,600,多,30.537,19500.000,1177.560
2023-01-03,15:30:00,600036.SS,37.580,300,多,28.208,11274.000,2811.600
2023-01-04,15:30:00,000651.SZ,33.310,600,多,30.537,19986.000,1663.560
2023-01-04,15:30:00,600036.SS,38.650,300,多,28.208,11595.000,3132.600
2023-01-05,15:30:00,000651.SZ,34.200,600,多,30.537,20520.000,2197.560
2023-01-05,15:30:00,600036.SS,38.500,300,多,28.208,11550.000,3087.600
2023-01-06,15:30:00,000651.SZ,34.100,600,多,30.537,20460.000,2137.560
2023-01-06,15:30:00,600036.SS,38.380,300,多,28.208,11514.000,3051.600
2023-01-09,15:30:00,000651.SZ,34.090,600,多,30.537,20454.000,2131.560
2023-01-09,15:30:00,600036.SS,38.800,300,多,28.208,11640.000,3177.600
2023-01-10,15:30:00,000651.SZ,34.120,600,多,30.537,20472.000,2149.560
2023-01-10,15:30:00,600036.SS,38.250,300,多,28.208,11475.000,3012.600
2023-01-11,15:30:00,000651.SZ,34.430,600,多,30.537,20658.000,2335.560
2023-01-11,15:30:00,600036.SS,38.920,300,多,28.208,11676.000,3213.600
2023-01-12,15:30:00,000651.SZ,34.120,600,多,30.537,20472.000,2149.560
2023-01-12,15:30:00,600036.SS,39.050,300,多,28.208,11715.000,3252.600
2023-01-13,15:30:00,000651.SZ,34.450,600,多,30.537,20670.000,2347.560
2023-01-13,15:30:00,600036.SS,39.660,300,多,28.208,11898.000,3435.600
2023-01-16,15:30:00,000651.SZ,35.480,600,多,30.537,21288.000,2965.560
2023-01-16,15:30:00,600036.SS,40.470,300,多,28.208,12141.000,3678.600
2023-01-17,15:30:00,000651.SZ,35.450,600,多,30.537,21270.000,2947.560
2023-01-17,15:30:00,600036.SS,40.680,300,多,28.208,12204.000,3741.600
2023-01-18,15:30:00,000651.SZ,35.210,600,多,30.537,21126.000,2803.560
2023-01-18,15:30:00,600036.SS,40.380,300,多,28.208,12114.000,3651.600
2023-01-19,15:30:00,000651.SZ,35.100,600,多,30.537,21060.000,2737.560
2023-01-19,15:30:00,600036.SS,40.650,300,多,28.208,12195.000,3732.600
2023-01-20,15:30:00,000651.SZ,35.050,600,多,30.537,21030.000,2707.560
2023-01-20,15:30:00,600036.SS,41.050,300,多,28.208,12315.000,3852.600
2023-01-30,15:30:00,000651.SZ,35.050,600,多,30.537,21030.000,2707.560
2023-01-30,15:30:00,600036.SS,42.030,300,多,28.208,12609.000,4146.600
2023-01-31,15:30:00,000651.SZ,34.630,600,多,30.537,20778.000,2455.560
2023-01-31,15:30:00,600036.SS,41.210,300,多,28.208,12363.000,3900.600
2023-02-01,15:30:00,000651.SZ,34.950,600,多,30.537,20970.000,2647.560
2023-02-01,15:30:00,600036.SS,40.540,300,多,28.208,12162.000,3699.600
2023-02-02,15:30:00,000651.SZ,34.880,600,多,30.537,20928.000,2605.560
2023-02-02,15:30:00,600036.SS,40.030,300,多,28.208,12009.000,3546.600
2023-02-03,15:30:00,000651.SZ,34.700,600,多,30.537,20820.000,2497.560
2023-02-03,15:30:00,600036.SS,39.300,300,多,28.208,11790.000,3327.600
2023-02-06,15:30:00,000651.SZ,33.840,600,多,30.537,20304.000,1981.560
2023-02-06,15:30:00,600036.SS,38.350,300,多,28.208,11505.000,3042.600
2023-02-07,15:30:00,000651.SZ,34.420,600,多,30.537,20652.000,2329.560
2023-02-07,15:30:00,600036.SS,38.410,300,多,28.208,11523.000,3060.600
2023-02-08,15:30:00,000651.SZ,34.290,600,多,30.537,20574.000,2251.560
2023-02-08,15:30:00,600036.SS,38.490,300,多,28.208,11547.000,3084.600
2023-02-09,15:30:00,000651.SZ,34.350,600,多,30.537,20610.000,2287.560
2023-02-09,15:30:00,600036.SS,38.490,300,多,28.208,11547.000,3084.600
2023-02-10,15:30:00,000651.SZ,34.270,600,多,30.537,20562.000,2239.560
2023-02-10,15:30:00,600036.SS,38.160,300,多,28.208,11448.000,2985.600
2023-02-13,15:30:00,000651.SZ,34.710,600,多,30.537,20826.000,2503.560
2023-02-13,15:30:00,600036.SS,37.720,300,多,28.208,11316.000,2853.600
2023-02-14,15:30:00,000651.SZ,34.870,600,多,30.537,20922.000,2599.560
2023-02-14,15:30:00,600036.SS,38.000,300,多,28.208,11400.000,2937.600
2023-02-15,15:30:00,000651.SZ,34.540,600,多,30.537,20724.000,2401.560
2023-02-15,15:30:00,600036.SS,37.170,300,多,28.208,11151.000,2688.600
2023-02-16,15:30:00,000651.SZ,34.150,600,多,30.537,20490.000,2167.560
2023-02-16,15:30:00,600036.SS,37.270,300,多,28.208,11181.000,2718.600
2023-02-17,15:30:00,000651.SZ,33.970,600,多,30.537,20382.000,2059.560
2023-02-17,15:30:00,600036.SS,36.710,300,多,28.208,11013.000,2550.600
2023-02-20,15:30:00,000651.SZ,35.150,600,多,30.537,21090.000,2767.560
2023-02-20,15:30:00,600036.SS,38.490,300,多,28.208,11547.000,3084.600
2023-02-21,15:30:00,000651.SZ,36.140,600,多,30.537,21684.000,3361.560
2023-02-21,15:30:00,600036.SS,38.690,300,多,28.208,11607.000,3144.600
2023-02-22,15:30:00,000651.SZ,36.080,600,多,30.537,21648.000,3325.560
2023-02-22,15:30:00,600036.SS,38.160,300,多,28.208,11448.000,2985.600
2023-02-23,15:30:00,000651.SZ,37.030,600,多,30.537,22218.000,3895.560
2023-02-23,15:30:00,600036.SS,38.270,300,多,28.208,11481.000,3018.600
2023-02-24,15:30:00,000651.SZ,36.560,600,多,30.537,21936.000,3613.560
2023-02-24,15:30:00,600036.SS,37.460,300,多,28.208,11238.000,2775.600
2023-02-27,15:30:00,000651.SZ,35.210,600,多,29.741,21126.000,3281.640
2023-02-27,15:30:00,600036.SS,37.160,300,多,28.208,11148.000,2685.600
2023-02-28,15:30:00,000651.SZ,35.520,600,多,29.741,21312.000,3467.640
2023-02-28,15:30:00,600036.SS,37.310,300,多,28.208,11193.000,2730.600
2023-03-01,15:30:00,000651.SZ,36.420,600,多,29.741,21852.000,4007.640
2023-03-01,15:30:00,600036.SS,38.250,300,多,28.208,11475.000,3012.600
2023-03-02,15:30:00,000651.SZ,36.610,600,多,29.741,21966.000,4121.640
2023-03-02,15:30:00,600036.SS,38.250,300,多,28.208,11475.000,3012.600
2023-03-03,15:30:00,000651.SZ,36.970,600,多,29.741,22182.000,4337.640
2023-03-03,15:30:00,600036.SS,38.250,300,多,28.208,11475.000,3012.600
2023-03-06,15:30:00,000651.SZ,36.910,600,多,29.741,22146.000,4301.640
2023-03-06,15:30:00,600036.SS,37.000,300,多,28.208,11100.000,2637.600
2023-03-07,15:30:00,000651.SZ,36.240,600,多,29.741,21744.000,3899.640
2023-03-07,15:30:00,600036.SS,36.560,300,多,28.208,10968.000,2505.600
2023-03-08,15:30:00,000651.SZ,36.490,600,多,29.741,21894.000,4049.640
2023-03-08,15:30:00,600036.SS,36.000,300,多,28.208,10800.000,2337.600
2023-03-09,15:30:00,000651.SZ,36.620,600,多,29.741,21972.000,4127.640
2023-03-09,15:30:00,600036.SS,35.580,300,多,28.208,10674.000,2211.600
2023-03-10,15:30:00,000651.SZ,35.610,600,多,29.741,21366.000,3521.640
2023-03-10,15:30:00,600036.SS,35.030,300,多,28.208,10509.000,2046.600
2023-03-13,15:30:00,000651.SZ,37.110,600,多,29.741,22266.000,4421.640
2023-03-13,15:30:00,600036.SS,35.050,300,多,28.208,10515.000,2052.600
2023-03-14,15:30:00,000651.SZ,36.940,600,多,29.741,22164.000,4319.640
2023-03-14,15:30:00,600036.SS,34.580,300,多,28.208,10374.000,1911.600
2023-03-15,15:30:00,000651.SZ,37.450,600,多,29.741,22470.000,4625.640
2023-03-15,15:30:00,600036.SS,34.880,500,多,30.888,17440.000,1996.250
2023-03-16,15:30:00,000651.SZ,37.300,600,多,29.741,22380.000,4535.640
2023-03-16,15:30:00,600036.SS,34.650,500,多,30.888,17325.000,1881.250
2023-03-17,15:30:00,000651.SZ,37.510,600,多,29.741,22506.000,4661.640
2023-03-17,15:30:00,600036.SS,34.360,500,多,30.888,17180.000,1736.250
2023-03-20,15:30:00,000651.SZ,37.100,600,多,29.741,22260.000,4415.640
2023-03-20,15:30:00,600036.SS,34.120,500,多,30.888,17060.000,1616.250
2023-03-21,15:30:00,000651.SZ,37.620,600,多,29.741,22572.000,4727.640
2023-03-21,15:30:00,600036.SS,34.230,500,多,30.888,17115.000,1671.250
2023-03-22,15:30:00,000651.SZ,37.210,600,多,29.741,22326.000,4481.640
2023-03-22,15:30:00,600036.SS,34.540,500,多,30.888,17270.000,1826.250
2023-03-23,15:30:00,000651.SZ,37.140,600,多,29.741,22284.000,4439.640
2023-03-23,15:30:00,600036.SS,35.200,500,多,30.888,17600.000,2156.250
2023-03-24,15:30:00,000651.SZ,36.860,600,多,29.741,22116.000,4271.640
2023-03-24,15:30:00,600036.SS,34.430,500,多,30.888,17215.000,1771.250
2023-03-27,15:30:00,000651.SZ,36.380,600,多,29.741,21828.000,3983.640
2023-03-27,15:30:00,600036.SS,34.210,500,多,30.888,17105.000,1661.250
2023-03-28,15:30:00,000651.SZ,36.400,600,多,29.741,21840.000,3995.640
2023-03-28,15:30:00,600036.SS,34.400,500,多,30.888,17200.000,1756.250
2023-03-29,15:30:00,000651.SZ,36.150,600,多,29.741,21690.000,3845.640
2023-03-29,15:30:00,600036.SS,34.120,500,多,30.888,17060.000,1616.250
2023-03-30,15:30:00,000651.SZ,37.230,600,多,29.741,22338.000,4493.640
2023-03-30,15:30:00,600036.SS,34.350,500,多,30.888,17175.000,1731.250
2023-03-31,15:30:00,000651.SZ,36.750,600,多,29.741,22050.000,4205.640
2023-03-31,15:30:00,600036.SS,34.270,300,多,28.673,10281.000,1679.070
2023-04-03,15:30:00,000651.SZ,37.260,600,多,29.741,22356.000,4511.640
2023-04-03,15:30:00,600036.SS,34.370,300,多,28.673,10311.000,1709.070
2023-04-04,15:30:00,000651.SZ,37.030,600,多,29.741,22218.000,4373.640
2023-04-04,15:30:00,600036.SS,34.280,300,多,28.673,10284.000,1682.070
2023-04-06,15:30:00,000651.SZ,36.750,600,多,29.741,22050.000,4205.640
2023-04-06,15:30:00,600036.SS,33.800,300,多,28.673,10140.000,1538.070
2023-04-07,15:30:00,000651.SZ,37.290,600,多,29.741,22374.000,4529.640
2023-04-07,15:30:00,600036.SS,34.140,300,多,28.673,10242.000,1640.070
2023-04-10,15:30:00,000651.SZ,37.750,600,多,29.741,22650.000,4805.640
2023-04-10,15:30:00,600036.SS,34.240,300,多,28.673,10272.000,1670.070
2023-04-11,15:30:00,000651.SZ,39.400,600,多,29.741,23640.000,5795.640
2023-04-11,15:30:00,600036.SS,33.730,300,多,28.673,10119.000,1517.070
2023-04-12,15:30:00,000651.SZ,39.400,600,多,29.741,23640.000,5795.640
2023-04-12,15:30:00,600036.SS,33.740,300,多,28.673,10122.000,1520.070
2023-04-13,15:30:00,000651.SZ,38.520,600,多,29.741,23112.000,5267.640
2023-04-13,15:30:00,600036.SS,34.010,300,多,28.673,10203.000,1601.070
2023-04-14,15:30:00,000651.SZ,38.400,600,多,29.741,23040.000,5195.640
2023-04-14,15:30:00,600036.SS,34.390,300,多,28.673,10317.000,1715.070
2023-04-17,15:30:00,000651.SZ,40.260,600,多,29.741,24156.000,6311.640
2023-04-17,15:30:00,600036.SS,35.200,300,多,28.673,10560.000,1958.070
2023-04-18,15:30:00,000651.SZ,40.580,0,多,0.000,0.000,0.000
2023-04-18,15:30:00,600036.SS,35.680,300,多,28.673,10704.000,2102.070
2023-04-19,15:30:00,600036.SS,35.500,300,多,28.673,10650.000,2048.070
2023-04-20,15:30:00,600036.SS,34.990,300,多,28.673,10497.000,1895.070
2023-04-21,15:30:00,600036.SS,34.500,300,多,28.673,10350.000,1748.070
2023-04-24,15:30:00,600036.SS,33.600,300,多,28.673,10080.000,1478.070
2023-04-25,15:30:00,600036.SS,34.030,300,多,28.673,10209.000,1607.070
2023-04-26,15:30:00,600036.SS,33.820,300,多,28.673,10146.000,1544.070
2023-04-27,15:30:00,600036.SS,32.630,300,多,28.673,9789.000,1187.070
2023-04-28,15:30:00,600036.SS,33.600,300,多,28.673,10080.000,1478.070
2023-05-04,15:30:00,600036.SS,34.130,300,多,28.673,10239.000,1637.070
2023-05-05,15:30:00,600036.SS,34.690,300,多,28.673,10407.000,1805.070
2023-05-08,15:30:00,600036.SS,35.600,300,多,28.673,10680.000,2078.070
2023-05-09,15:30:00,600036.SS,34.990,300,多,28.673,10497.000,1895.070
2023-05-10,15:30:00,600036.SS,34.400,300,多,28.673,10320.000,1718.070
2023-05-11,15:30:00,600036.SS,34.450,300,多,28.673,10335.000,1733.070
2023-05-12,15:30:00,600036.SS,34.040,500,多,30.831,17020.000,1604.750
2023-05-15,15:30:00,600036.SS,34.700,500,多,30.831,17350.000,1934.750
2023-05-16,15:30:00,600036.SS,34.820,500,多,30.831,17410.000,1994.750
2023-05-17,15:30:00,600036.SS,34.500,500,多,30.831,17250.000,1834.750
2023-05-18,15:30:00,600036.SS,34.450,500,多,30.831,17225.000,1809.750
2023-05-19,15:30:00,600036.SS,33.950,500,多,30.831,16975.000,1559.750
2023-05-22,15:30:00,600036.SS,34.200,500,多,30.831,17100.000,1684.750
2023-05-23,15:30:00,600036.SS,33.600,500,多,30.831,16800.000,1384.750
2023-05-24,15:30:00,600036.SS,32.930,500,多,30.831,16465.000,1049.750
2023-05-25,15:30:00,600036.SS,32.420,500,多,30.831,16210.000,794.750
2023-05-26,15:30:00,600036.SS,32.740,500,多,30.831,16370.000,954.750
2023-05-29,15:30:00,600036.SS,32.690,500,多,30.831,16345.000,929.750
2023-05-30,15:30:00,600036.SS,32.640,500,多,30.831,16320.000,904.750
2023-05-31,15:30:00,600036.SS,32.300,500,多,30.831,16150.000,734.750
2023-06-01,15:30:00,600036.SS,32.060,500,多,30.831,16030.000,614.750
2023-06-02,15:30:00,600036.SS,33.070,500,多,30.831,16535.000,1119.750
2023-06-05,15:30:00,600036.SS,33.040,500,多,30.831,16520.000,1104.750
2023-06-06,15:30:00,600036.SS,33.070,500,多,30.831,16535.000,1119.750
2023-06-07,15:30:00,600036.SS,33.300,500,多,30.831,16650.000,1234.750
2023-06-08,15:30:00,600036.SS,34.080,500,多,30.831,17040.000,1624.750
2023-06-09,15:30:00,600036.SS,33.740,500,多,30.831,16870.000,1454.750
2023-06-12,15:30:00,600036.SS,33.730,500,多,30.831,16865.000,1449.750
2023-06-13,15:30:00,600036.SS,33.730,500,多,30.831,16865.000,1449.750
2023-06-14,15:30:00,600036.SS,33.390,500,多,30.831,16695.000,1279.750
2023-06-15,15:30:00,600036.SS,33.720,500,多,30.831,16860.000,1444.750
2023-06-16,15:30:00,600036.SS,33.930,500,多,30.831,16965.000,1549.750
2023-06-19,15:30:00,600036.SS,33.580,500,多,30.831,16790.000,1374.750
2023-06-20,15:30:00,600036.SS,33.190,500,多,30.831,16595.000,1179.750
2023-06-21,15:30:00,600036.SS,33.170,500,多,30.831,16585.000,1169.750
2023-06-26,15:30:00,600036.SS,32.610,500,多,30.831,16305.000,889.750
2023-06-27,15:30:00,600036.SS,32.820,500,多,30.831,16410.000,994.750
2023-06-28,15:30:00,600036.SS,33.050,500,多,30.831,16525.000,1109.750
2023-06-29,15:30:00,600036.SS,32.680,500,多,30.831,16340.000,924.750
2023-06-30,15:30:00,600036.SS,32.760,500,多,30.831,16380.000,964.750
2023-07-03,15:30:00,600036.SS,33.720,500,多,30.831,16860.000,1444.750
2023-07-04,15:30:00,600036.SS,33.510,500,多,30.831,16755.000,1339.750
2023-07-05,15:30:00,600036.SS,33.030,500,多,30.831,16515.000,1099.750
2023-07-06,15:30:00,600036.SS,32.580,500,多,30.831,16290.000,874.750
2023-07-07,15:30:00,600036.SS,32.310,500,多,30.831,16155.000,739.750
2023-07-10,15:30:00,600036.SS,32.450,500,多,30.831,16225.000,809.750
2023-07-11,15:30:00,600036.SS,32.710,500,多,30.831,16355.000,939.750
2023-07-12,15:30:00,600036.SS,33.200,500,多,30.831,16600.000,1184.750
2023-07-13,15:30:00,600036.SS,31.850,500,多,29.440,15925.000,1204.950
2023-07-14,15:30:00,600036.SS,31.930,500,多,29.440,15965.000,1244.950
2023-07-17,15:30:00,600036.SS,31.650,500,多,29.440,15825.000,1104.950
2023-07-18,15:30:00,600036.SS,31.460,500,多,29.440,15730.000,1009.950
2023-07-19,15:30:00,600036.SS,31.580,500,多,29.440,15790.000,1069.950
2023-07-20,15:30:00,600036.SS,31.690,500,多,29.440,15845.000,1124.950
2023-07-21,15:30:00,600036.SS,31.800,500,多,29.440,15900.000,1179.950
2023-07-24,15:30:00,600036.SS,31.450,500,多,29.440,15725.000,1004.950
2023-07-24,15:30:00,601318.SS,46.620,200,多,46.647,9324.000,-5.460
2023-07-25,15:30:00,600036.SS,33.270,500,多,29.440,16635.000,1914.950
2023-07-25,15:30:00,601318.SS,49.550,200,多,46.647,9910.000,580.540
2023-07-26,15:30:00,600036.SS,33.350,500,多,29.440,16675.000,1954.950
2023-07-26,15:30:00,601318.SS,49.460,200,多,46.647,9892.000,562.540
2023-07-27,15:30:00,600036.SS,33.660,500,多,29.440,16830.000,2109.950
2023-07-27,15:30:00,601318.SS,49.880,200,多,46.647,9976.000,646.540
2023-07-28,15:30:00,600036.SS,35.100,500,多,29.440,17550.000,2829.950
2023-07-28,15:30:00,601318.SS,51.930,200,多,46.647,10386.000,1056.540
2023-07-31,15:30:00,600036.SS,35.560,500,多,29.440,17780.000,3059.950
2023-07-31,15:30:00,601318.SS,52.600,200,多,46.647,10520.000,1190.540
2023-08-01,15:30:00,600036.SS,34.990,500,多,29.440,17495.000,2774.950
2023-08-01,15:30:00,601318.SS,51.740,200,多,46.647,10348.000,1018.540
2023-08-02,15:30:00,600036.SS,34.030,500,多,29.440,17015.000,2294.950
2023-08-02,15:30:00,601318.SS,51.410,200,多,46.647,10282.000,952.540
2023-08-03,15:30:00,600036.SS,34.680,500,多,29.440,17340.000,2619.950
2023-08-03,15:30:00,601318.SS,52.410,200,多,46.647,10482.000,1152.540
2023-08-04,15:30:00,600036.SS,34.880,500,多,29.440,17440.000,2719.950
2023-08-04,15:30:00,601318.SS,51.900,200,多,46.647,10380.000,1050.540
2023-08-07,15:30:00,600036.SS,34.500,500,多,29.440,17250.000,2529.950
2023-08-07,15:30:00,601318.SS,51.700,200,多,46.647,10340.000,1010.540
2023-08-08,15:30:00,600036.SS,34.150,500,多,29.440,17075.000,2354.950
2023-08-08,15:30:00,601318.SS,51.260,200,多,46.647,10252.000,922.540
2023-08-09,15:30:00,600036.SS,34.020,500,多,29.440,17010.000,2289.950
2023-08-09,15:30:00,601318.SS,51.260,200,多,46.647,10252.000,922.540
2023-08-10,15:30:00,600036.SS,34.140,500,多,29.440,17070.000,2349.950
2023-08-10,15:30:00,601318.SS,51.360,200,多,46.647,10272.000,942.540
2023-08-11,15:30:00,600036.SS,33.150,500,多,29.440,16575.000,1854.950
2023-08-11,15:30:00,601318.SS,49.370,200,多,46.647,9874.000,544.540
2023-08-14,15:30:00,600036.SS,32.460,500,多,29.440,16230.000,1509.950
2023-08-14,15:30:00,601318.SS,48.530,200,多,46.647,9706.000,376.540
2023-08-15,15:30:00,600036.SS,32.360,500,多,29.440,16180.000,1459.950
2023-08-15,15:30:00,601318.SS,48.680,200,多,46.647,9736.000,406.540
2023-08-16,15:30:00,600036.SS,31.970,500,多,29.440,15985.000,1264.950
2023-08-16,15:30:00,601318.SS,48.350,200,多,46.647,9670.000,340.540
2023-08-17,15:30:00,600036.SS,31.790,500,多,29.440,15895.000,1174.950
2023-08-17,15:30:00,601318.SS,47.910,200,多,46.647,9582.000,252.540
2023-08-18,15:30:00,600036.SS,31.880,500,多,29.440,15940.000,1219.950
2023-08-18,15:30:00,601318.SS,47.520,200,多,46.647,9504.000,174.540
2023-08-21,15:30:00,600036.SS,31.130,500,多,29.440,15565.000,844.950
2023-08-21,15:30:00,601318.SS,46.670,200,多,46.647,9334.000,4.540
2023-08-22,15:30:00,600036.SS,31.320,500,多,29.440,15660.000,939.950
2023-08-22,15:30:00,601318.SS,47.000,200,多,46.647,9400.000,70.540
2023-08-23,15:30:00,600036.SS,30.850,500,多,29.440,15425.000,704.950
2023-08-23,15:30:00,601318.SS,46.460,200,多,46.647,9292.000,-37.460
2023-08-24,15:30:00,600036.SS,31.060,500,多,29.440,15530.000,809.950
2023-08-24,15:30:00,601318.SS,46.500,200,多,46.647,9300.000,-29.460
2023-08-25,15:30:00,600036.SS,31.560,500,多,29.440,15780.000,1059.950
2023-08-25,15:30:00,601318.SS,47.010,200,多,46.647,9402.000,72.540
2023-08-28,15:30:00,600036.SS,32.260,500,多,29.440,16130.000,1409.950
2023-08-28,15:30:00,601318.SS,48.110,200,多,46.647,9622.000,292.540
2023-08-29,15:30:00,600036.SS,32.040,500,多,29.440,16020.000,1299.950
2023-08-29,15:30:00,601318.SS,48.560,200,多,46.647,9712.000,382.540
2023-08-30,15:30:00,600036.SS,31.660,500,多,29.440,15830.000,1109.950
2023-08-30,15:30:00,601318.SS,48.250,200,多,46.647,9650.000,320.540
2023-08-31,15:30:00,600036.SS,31.550,500,多,29.440,15775.000,1054.950
2023-08-31,15:30:00,601318.SS,48.790,200,多,46.647,9758.000,428.540
2023-09-01,15:30:00,600036.SS,32.270,500,多,29.440,16135.000,1414.950
2023-09-01,15:30:00,601318.SS,50.100,200,多,46.647,10020.000,690.540
2023-09-04,15:30:00,600036.SS,33.530,500,多,29.440,16765.000,2044.950
2023-09-04,15:30:00,601318.SS,51.450,200,多,46.647,10290.000,960.540
2023-09-05,15:30:00,600036.SS,33.110,500,多,29.440,16555.000,1834.950
2023-09-05,15:30:00,601318.SS,50.200,200,多,46.647,10040.000,710.540
2023-09-06,15:30:00,600036.SS,33.360,500,多,29.440,16680.000,1959.950
2023-09-06,15:30:00,601318.SS,51.030,200,多,46.647,10206.000,876.540
2023-09-07,15:30:00,600036.SS,33.140,500,多,29.440,16570.000,1849.950
2023-09-07,15:30:00,601318.SS,50.220,200,多,46.647,10044.000,714.540
2023-09-08,15:30:00,600036.SS,33.170,500,多,29.440,16585.000,1864.950
2023-09-08,15:30:00,601318.SS,50.120,200,多,46.647,10024.000,694.540
2023-09-11,15:30:00,600036.SS,32.910,500,多,29.440,16455.000,1734.950
2023-09-11,15:30:00,601318.SS,50.360,200,多,46.647,10072.000,742.540
2023-09-12,15:30:00,600036.SS,32.880,500,多,29.440,16440.000,1719.950
2023-09-12,15:30:00,601318.SS,49.950,200,多,46.647,9990.000,660.540
2023-09-13,15:30:00,600036.SS,32.750,500,多,29.440,16375.000,1654.950
2023-09-13,15:30:00,601318.SS,49.500,200,多,46.647,9900.000,570.540
2023-09-14,15:30:00,600036.SS,33.070,500,多,29.440,16535.000,1814.950
2023-09-14,15:30:00,601318.SS,49.190,200,多,46.647,9838.000,508.540
2023-09-15,15:30:00,600036.SS,32.960,500,多,29.440,16480.000,1759.950
2023-09-15,15:30:00,601318.SS,49.200,200,多,46.647,9840.000,510.540
2023-09-18,15:30:00,600036.SS,33.020,500,多,29.440,16510.000,1789.950
2023-09-18,15:30:00,601318.SS,49.300,200,多,46.647,9860.000,530.540
2023-09-19,15:30:00,600036.SS,32.960,500,多,29.440,16480.000,1759.950
2023-09-19,15:30:00,601318.SS,49.280,200,多,46.647,9856.000,526.540
2023-09-20,15:30:00,600036.SS,32.730,500,多,29.440,16365.000,1644.950
2023-09-20,15:30:00,601318.SS,48.890,200,多,46.647,9778.000,448.540
2023-09-21,15:30:00,600036.SS,32.370,500,多,29.440,16185.000,1464.950
2023-09-21,15:30:00,601318.SS,48.490,200,多,46.647,9698.000,368.540
2023-09-22,15:30:00,600036.SS,33.340,500,多,29.440,16670.000,1949.950
2023-09-22,15:30:00,601318.SS,50.330,200,多,46.647,10066.000,736.540
2023-09-25,15:30:00,600036.SS,33.000,500,多,29.440,16500.000,1779.950
2023-09-25,15:30:00,601318.SS,49.060,200,多,46.647,9812.000,482.540
2023-09-26,15:30:00,600036.SS,32.800,500,多,29.440,16400.000,1679.950
2023-09-26,15:30:00,601318.SS,48.560,200,多,46.647,9712.000,382.540
2023-09-27,15:30:00,600036.SS,32.820,500,多,29.440,16410.000,1689.950
2023-09-27,15:30:00,601318.SS,48.660,200,多,46.647,9732.000,402.540
2023-09-28,15:30:00,600036.SS,32.970,500,多,29.440,16485.000,1764.950
2023-09-28,15:30:00,601318.SS,48.300,200,多,46.647,9660.000,330.540
2023-10-09,15:30:00,600036.SS,32.580,500,多,29.440,16290.000,1569.950
2023-10-09,15:30:00,601318.SS,48.070,200,多,46.647,9614.000,284.540
2023-10-10,15:30:00,600036.SS,32.590,500,多,29.440,16295.000,1574.950
2023-10-10,15:30:00,601318.SS,47.600,200,多,46.647,9520.000,190.540
2023-10-11,15:30:00,600036.SS,32.450,500,多,29.440,16225.000,1504.950
2023-10-11,15:30:00,601318.SS,47.690,200,多,46.647,9538.000,208.540
2023-10-12,15:30:00,600036.SS,33.070,500,多,29.440,16535.000,1814.950
2023-10-12,15:30:00,601318.SS,48.430,200,多,46.647,9686.000,356.540
2023-10-13,15:30:00,600036.SS,32.610,500,多,29.440,16305.000,1584.950
2023-10-13,15:30:00,601318.SS,47.970,200,多,46.647,9594.000,264.540
2023-10-16,15:30:00,600036.SS,32.310,500,多,29.440,16155.000,1434.950
2023-10-16,15:30:00,601318.SS,47.540,200,多,46.647,9508.000,178.540
2023-10-17,15:30:00,600036.SS,32.520,800,多,30.602,26016.000,1534.480
2023-10-17,15:30:00,601318.SS,47.680,200,多,46.647,9536.000,206.540
2023-10-18,15:30:00,600036.SS,32.490,800,多,30.602,25992.000,1510.480
2023-10-18,15:30:00,601318.SS,47.390,200,多,46.647,9478.000,148.540
2023-10-19,15:30:00,600036.SS,31.570,800,多,30.602,25256.000,774.480
2023-10-19,15:30:00,601318.SS,46.050,200,多,46.647,9210.000,-119.460
2023-10-20,15:30:00,600036.SS,31.650,800,多,30.602,25320.000,838.480
2023-10-20,15:30:00,601318.SS,45.840,200,多,46.647,9168.000,-161.460
2023-10-23,15:30:00,600036.SS,31.230,800,多,30.602,24984.000,502.480
2023-10-23,15:30:00,601318.SS,45.940,200,多,46.647,9188.000,-141.460
2023-10-24,15:30:00,600036.SS,31.300,800,多,30.602,25040.000,558.480
2023-10-24,15:30:00,601318.SS,46.100,200,多,46.647,9220.000,-109.460
2023-10-25,15:30:00,600036.SS,31.420,800,多,30.602,25136.000,654.480
2023-10-25,15:30:00,601318.SS,45.510,200,多,45.911,9102.000,-80.100
2023-10-26,15:30:00,600036.SS,31.500,800,多,30.602,25200.000,718.480
2023-10-26,15:30:00,601318.SS,45.700,200,多,45.911,9140.000,-42.100
2023-10-27,15:30:00,600036.SS,31.530,800,多,30.602,25224.000,742.480
2023-10-27,15:30:00,601318.SS,45.180,200,多,45.911,9036.000,-146.100
2023-10-30,15:30:00,600036.SS,30.900,800,多,30.602,24720.000,238.480
2023-10-30,15:30:00,601318.SS,45.310,200,多,45.911,9062.000,-120.100
2023-10-31,15:30:00,600036.SS,30.760,800,多,30.602,24608.000,126.480
2023-10-31,15:30:00,601318.SS,45.460,200,多,45.911,9092.000,-90.100
2023-11-01,15:30:00,600036.SS,30.450,800,多,30.602,24360.000,-121.520
2023-11-01,15:30:00,601318.SS,45.110,200,多,45.911,9022.000,-160.100
2023-11-02,15:30:00,600036.SS,30.680,800,多,30.602,24544.000,62.480
2023-11-02,15:30:00,601318.SS,45.060,200,多,45.911,9012.000,-170.100
2023-11-03,15:30:00,600036.SS,30.990,800,多,30.602,24792.000,310.480
2023-11-03,15:30:00,601318.SS,45.240,200,多,45.911,9048.000,-134.100
2023-11-06,15:30:00,600036.SS,31.140,800,多,30.602,24912.000,430.480
2023-11-06,15:30:00,601318.SS,46.060,200,多,45.911,9212.000,29.900
2023-11-07,15:30:00,600036.SS,30.800,800,多,30.602,24640.000,158.480
2023-11-07,15:30:00,601318.SS,45.300,200,多,45.911,9060.000,-122.100
2023-11-08,15:30:00,600036.SS,30.600,800,多,30.602,24480.000,-1.520
2023-11-08,15:30:00,601318.SS,44.630,200,多,45.911,8926.000,-256.100
2023-11-09,15:30:00,600036.SS,30.660,800,多,30.602,24528.000,46.480
2023-11-09,15:30:00,601318.SS,43.280,200,多,45.911,8656.000,-526.100
2023-11-10,15:30:00,600036.SS,30.160,800,多,30.602,24128.000,-353.520
2023-11-10,15:30:00,601318.SS,42.350,0,多,0.000,0.000,0.000
2023-11-13,15:30:00,600036.SS,29.820,500,多,31.100,14910.000,-639.950
2023-11-14,15:30:00,600036.SS,30.200,500,多,31.100,15100.000,-449.950
2023-11-15,15:30:00,600036.SS,30.640,500,多,31.100,15320.000,-229.950
2023-11-16,15:30:00,600036.SS,30.540,500,多,31.100,15270.000,-279.950
2023-11-17,15:30:00,600036.SS,30.330,500,多,31.100,15165.000,-384.950
2023-11-20,15:30:00,600036.SS,30.580,500,多,31.100,15290.000,-259.950
2023-11-21,15:30:00,600036.SS,30.430,500,多,31.100,15215.000,-334.950
2023-11-22,15:30:00,600036.SS,30.160,500,多,31.100,15080.000,-469.950
2023-11-23,15:30:00,600036.SS,30.140,500,多,31.100,15070.000,-479.950
2023-11-24,15:30:00,600036.SS,30.000,500,多,31.100,15000.000,-549.950
2023-11-27,15:30:00,600036.SS,29.400,500,多,31.100,14700.000,-849.950
2023-11-28,15:30:00,600036.SS,29.160,300,多,32.430,8748.000,-981.030
2023-11-29,15:30:00,600036.SS,28.800,300,多,32.430,8640.000,-1089.030
2023-11-30,15:30:00,600036.SS,28.790,300,多,32.430,8637.000,-1092.030
2023-12-01,15:30:00,600036.SS,28.260,300,多,32.430,8478.000,-1251.030
2023-12-04,15:30:00,600036.SS,28.080,300,多,32.430,8424.000,-1305.030
2023-12-05,15:30:00,600036.SS,27.510,300,多,32.430,8253.000,-1476.030
2023-12-06,15:30:00,600036.SS,27.760,300,多,32.430,8328.000,-1401.030
2023-12-07,15:30:00,600036.SS,27.810,0,多,0.000,0.000,0.000
2024-07-26,15:30:00,601318.SS,41.090,200,多,41.117,8218.000,-5.400
2024-07-29,15:30:00,601318.SS,41.320,200,多,41.117,8264.000,40.600
2024-07-30,15:30:00,601318.SS,41.330,200,多,41.117,8266.000,42.600
2024-07-31,15:30:00,601318.SS,42.560,200,多,41.117,8512.000,288.600
2024-08-01,15:30:00,601318.SS,42.510,200,多,41.117,8502.000,278.600
2024-08-02,15:30:00,601318.SS,41.820,200,多,41.117,8364.000,140.600
2024-08-05,15:30:00,601318.SS,42.000,200,多,41.117,8400.000,176.600
2024-08-06,15:30:00,601318.SS,40.900,200,多,41.117,8180.000,-43.400
2024-08-07,15:30:00,601318.SS,40.700,200,多,41.117,8140.000,-83.400
2024-08-08,15:30:00,601318.SS,40.820,200,多,41.117,8164.000,-59.400
2024-08-08,15:30:00,000651.SZ,40.480,200,多,40.507,8096.000,-5.400
2024-08-09,15:30:00,601318.SS,40.610,200,多,41.117,8122.000,-101.400
2024-08-09,15:30:00,000651.SZ,40.300,200,多,40.507,8060.000,-41.400
2024-08-12,15:30:00,601318.SS,40.620,200,多,41.117,8124.000,-99.400
2024-08-12,15:30:00,000651.SZ,40.330,200,多,40.507,8066.000,-35.400
2024-08-13,15:30:00,601318.SS,40.780,200,多,41.117,8156.000,-67.400
2024-08-13,15:30:00,000651.SZ,40.230,200,多,40.507,8046.000,-55.400
2024-08-14,15:30:00,601318.SS,40.490,200,多,41.117,8098.000,-125.400
2024-08-14,15:30:00,000651.SZ,40.120,200,多,40.507,8024.000,-77.400
2024-08-15,15:30:00,601318.SS,41.320,200,多,41.117,8264.000,40.600
2024-08-15,15:30:00,000651.SZ,40.520,200,多,40.507,8104.000,2.600
2024-08-16,15:30:00,601318.SS,41.610,200,多,41.117,8322.000,98.600
2024-08-16,15:30:00,000651.SZ,41.020,200,多,40.507,8204.000,102.600
2024-08-19,15:30:00,601318.SS,42.070,200,多,41.117,8414.000,190.600
2024-08-19,15:30:00,000651.SZ,40.740,200,多,40.507,8148.000,46.600
2024-08-20,15:30:00,601318.SS,41.920,200,多,41.117,8384.000,160.600
2024-08-20,15:30:00,000651.SZ,40.960,200,多,40.507,8192.000,90.600
2024-08-21,15:30:00,601318.SS,41.970,200,多,41.117,8394.000,170.600
2024-08-21,15:30:00,000651.SZ,40.830,200,多,40.507,8166.000,64.600
2024-08-22,15:30:00,601318.SS,41.710,200,多,41.117,8342.000,118.600
2024-08-22,15:30:00,000651.SZ,41.260,200,多,40.507,8252.000,150.600
2024-08-23,15:30:00,601318.SS,43.350,200,多,41.117,8670.000,446.600
2024-08-23,15:30:00,000651.SZ,42.040,200,多,40.507,8408.000,306.600
2024-08-26,15:30:00,601318.SS,43.350,200,多,41.117,8670.000,446.600
2024-08-26,15:30:00,000651.SZ,42.070,200,多,40.507,8414.000,312.600
2024-08-27,15:30:00,601318.SS,43.150,200,多,41.117,8630.000,406.600
2024-08-27,15:30:00,000651.SZ,41.770,200,多,40.507,8354.000,252.600
2024-08-28,15:30:00,601318.SS,43.190,200,多,41.117,8638.000,414.600
2024-08-28,15:30:00,000651.SZ,38.800,200,多,38.641,7760.000,31.880
2024-08-29,15:30:00,601318.SS,42.620,200,多,41.117,8524.000,300.600
2024-08-29,15:30:00,000651.SZ,38.810,200,多,38.641,7762.000,33.880
2024-08-30,15:30:00,601318.SS,44.030,200,多,41.117,8806.000,582.600
2024-08-30,15:30:00,000651.SZ,39.700,200,多,38.641,7940.000,211.880
2024-09-02,15:30:00,601318.SS,43.450,200,多,41.117,8690.000,466.600
2024-09-02,15:30:00,000651.SZ,40.050,200,多,38.641,8010.000,281.880
2024-09-03,15:30:00,601318.SS,43.210,200,多,41.117,8642.000,418.600
2024-09-03,15:30:00,000651.SZ,40.630,200,多,38.641,8126.000,397.880
2024-09-04,15:30:00,601318.SS,42.640,200,多,41.117,8528.000,304.600
2024-09-04,15:30:00,000651.SZ,40.530,200,多,38.641,8106.000,377.880
2024-09-05,15:30:00,601318.SS,43.420,200,多,41.117,8684.000,460.600
2024-09-05,15:30:00,000651.SZ,40.340,200,多,38.641,8068.000,339.880
2024-09-06,15:30:00,601318.SS,43.250,200,多,41.117,8650.000,426.600
2024-09-06,15:30:00,000651.SZ,39.960,200,多,38.641,7992.000,263.880
2024-09-09,15:30:00,601318.SS,42.680,200,多,41.117,8536.000,312.600
2024-09-09,15:30:00,000651.SZ,38.900,200,多,38.641,7780.000,51.880
2024-09-10,15:30:00,601318.SS,42.660,200,多,41.117,8532.000,308.600
2024-09-10,15:30:00,000651.SZ,39.000,200,多,38.641,7800.000,71.880
2024-09-11,15:30:00,601318.SS,42.520,200,多,41.117,8504.000,280.600
2024-09-11,15:30:00,000651.SZ,39.090,200,多,38.641,7818.000,89.880
2024-09-12,15:30:00,601318.SS,42.600,200,多,41.117,8520.000,296.600
2024-09-12,15:30:00,000651.SZ,38.660,200,多,38.641,7732.000,3.880
2024-09-13,15:30:00,601318.SS,42.890,200,多,41.117,8578.000,354.600
2024-09-13,15:30:00,000651.SZ,39.240,200,多,38.641,7848.000,119.880
2024-09-18,15:30:00,601318.SS,43.700,200,多,41.117,8740.000,516.600
2024-09-18,15:30:00,000651.SZ,40.520,200,多,38.641,8104.000,375.880
2024-09-19,15:30:00,601318.SS,44.030,200,多,41.117,8806.000,582.600
2024-09-19,15:30:00,000651.SZ,40.650,200,多,38.641,8130.000,401.880
2024-09-20,15:30:00,601318.SS,44.150,200,多,41.117,8830.000,606.600
2024-09-20,15:30:00,000651.SZ,41.070,200,多,38.641,8214.000,485.880
2024-09-23,15:30:00,601318.SS,44.090,200,多,41.117,8818.000,594.600
2024-09-23,15:30:00,000651.SZ,41.430,200,多,38.641,8286.000,557.880
2024-09-24,15:30:00,601318.SS,46.500,200,多,41.117,9300.000,1076.600
2024-09-24,15:30:00,000651.SZ,41.480,200,多,38.641,8296.000,567.880
2024-09-25,15:30:00,601318.SS,47.360,200,多,41.117,9472.000,1248.600
2024-09-25,15:30:00,000651.SZ,42.480,200,多,38.641,8496.000,767.880
2024-09-26,15:30:00,601318.SS,50.420,200,多,41.117,10084.000,1860.600
2024-09-26,15:30:00,000651.SZ,44.380,200,多,38.641,8876.000,1147.880
2024-09-27,15:30:00,601318.SS,51.900,200,多,41.117,10380.000,2156.600
2024-09-27,15:30:00,000651.SZ,44.400,200,多,38.641,8880.000,1151.880
2024-09-30,15:30:00,601318.SS,57.090,200,多,41.117,11418.000,3194.600
2024-09-30,15:30:00,000651.SZ,47.940,200,多,38.641,9588.000,1859.880
2024-10-08,15:30:00,601318.SS,61.730,0,多,0.000,0.000,0.000
2024-10-08,15:30:00,000651.SZ,51.500,200,多,38.641,10300.000,2571.880
2024-10-09,15:30:00,000651.SZ,47.930,200,多,38.641,9586.000,1857.880
2024-10-10,15:30:00,000651.SZ,49.650,200,多,38.641,9930.000,2201.880
2024-10-11,15:30:00,000651.SZ,48.590,200,多,38.641,9718.000,1989.880
2024-10-14,15:30:00,000651.SZ,49.840,200,多,38.641,9968.000,2239.880
2024-10-15,15:30:00,000651.SZ,48.570,200,多,38.641,9714.000,1985.880
2024-10-16,15:30:00,000651.SZ,47.470,200,多,38.641,9494.000,1765.880
2024-10-17,15:30:00,000651.SZ,46.610,200,多,38.641,9322.000,1593.880
2024-10-18,15:30:00,000651.SZ,47.300,200,多,38.641,9460.000,1731.880
2024-10-21,15:30:00,000651.SZ,47.000,200,多,38.641,9400.000,1671.880
2024-10-22,15:30:00,000651.SZ,47.780,200,多,38.641,9556.000,1827.880
2024-10-23,15:30:00,000651.SZ,47.930,200,多,38.641,9586.000,1857.880
2024-10-24,15:30:00,000651.SZ,47.380,200,多,38.641,9476.000,1747.880
2024-10-25,15:30:00,000651.SZ,46.990,200,多,38.641,9398.000,1669.880
2024-10-28,15:30:00,000651.SZ,46.760,200,多,38.641,9352.000,1623.880
2024-10-29,15:30:00,000651.SZ,46.590,200,多,38.641,9318.000,1589.880
2024-10-30,15:30:00,000651.SZ,45.780,200,多,38.641,9156.000,1427.880
2024-10-31,15:30:00,000651.SZ,43.500,200,多,38.641,8700.000,971.880
2024-11-01,15:30:00,000651.SZ,43.520,200,多,38.641,8704.000,975.880
2024-11-04,15:30:00,000651.SZ,43.300,200,多,38.641,8660.000,931.880
2024-11-05,15:30:00,000651.SZ,43.900,200,多,38.641,8780.000,1051.880
2024-11-06,15:30:00,000651.SZ,42.840,200,多,38.641,8568.000,839.880
2024-11-07,15:30:00,000651.SZ,44.260,200,多,38.641,8852.000,1123.880
2024-11-08,15:30:00,000651.SZ,44.250,200,多,38.641,8850.000,1121.880
2024-11-11,15:30:00,000651.SZ,43.750,200,多,38.641,8750.000,1021.880
2024-11-12,15:30:00,000651.SZ,43.700,200,多,38.641,8740.000,1011.880
2024-11-13,15:30:00,000651.SZ,43.920,200,多,38.641,8784.000,1055.880
2024-11-14,15:30:00,000651.SZ,43.720,200,多,38.641,8744.000,1015.880
2024-11-15,15:30:00,000651.SZ,43.120,200,多,38.641,8624.000,895.880
2024-11-18,15:30:00,000651.SZ,42.870,200,多,38.641,8574.000,845.880
2024-11-19,15:30:00,000651.SZ,42.930,200,多,38.641,8586.000,857.880
2024-11-20,15:30:00,000651.SZ,42.730,200,多,38.641,8546.000,817.880
2024-11-21,15:30:00,000651.SZ,42.310,200,多,38.641,8462.000,733.880
2024-11-22,15:30:00,000651.SZ,41.300,200,多,38.641,8260.000,531.880
2024-11-25,15:30:00,000651.SZ,40.970,200,多,38.641,8194.000,465.880
2024-11-26,15:30:00,000651.SZ,41.180,200,多,38.641,8236.000,507.880
2024-11-27,15:30:00,000651.SZ,42.090,200,多,38.641,8418.000,689.880
2024-11-28,15:30:00,000651.SZ,41.600,200,多,38.641,8320.000,591.880
2024-11-29,15:30:00,000651.SZ,42.080,200,多,38.641,8416.000,687.880
2024-12-02,15:30:00,000651.SZ,42.040,200,多,38.641,8408.000,679.880
2024-12-03,15:30:00,000651.SZ,42.350,200,多,38.641,8470.000,741.880
2024-12-04,15:30:00,000651.SZ,42.630,200,多,38.641,8526.000,797.880
2024-12-05,15:30:00,000651.SZ,42.320,200,多,38.641,8464.000,735.880
2024-12-06,15:30:00,000651.SZ,42.270,200,多,38.641,8454.000,725.880
2024-12-09,15:30:00,000651.SZ,42.350,200,多,38.641,8470.000,741.880
2024-12-10,15:30:00,000651.SZ,42.980,200,多,38.641,8596.000,867.880
2024-12-11,15:30:00,000651.SZ,43.310,200,多,38.641,8662.000,933.880
2024-12-12,15:30:00,000651.SZ,43.460,200,多,38.641,8692.000,963.880
2024-12-13,15:30:00,000651.SZ,43.000,200,多,38.641,8600.000,871.880
2024-12-16,15:30:00,000651.SZ,42.880,200,多,38.641,8576.000,847.880
2024-12-17,15:30:00,000651.SZ,43.000,200,多,38.641,8600.000,871.880
2024-12-18,15:30:00,000651.SZ,43.450,200,多,38.641,8690.000,961.880
2024-12-19,15:30:00,000651.SZ,43.650,200,多,38.641,8730.000,1001.880
2024-12-20,15:30:00,000651.SZ,43.260,200,多,38.641,8652.000,923.880
2024-12-23,15:30:00,000651.SZ,44.490,200,多,38.641,8898.000,1169.880
2024-12-24,15:30:00,000651.SZ,45.580,200,多,38.641,9116.000,1387.880
2024-12-25,15:30:00,000651.SZ,45.440,200,多,38.641,9088.000,1359.880
2024-12-26,15:30:00,000651.SZ,45.440,200,多,38.641,9088.000,1359.880
2024-12-27,15:30:00,000651.SZ,45.060,200,多,38.641,9012.000,1283.880
2024-12-30,15:30:00,000651.SZ,45.570,200,多,38.641,9114.000,1385.880
2024-12-31,15:30:00,000651.SZ,45.450,200,多,38.641,9090.000,1361.880
2025-01-02,15:30:00,000651.SZ,46.340,200,多,38.641,9268.000,1539.880
2025-01-03,15:30:00,000651.SZ,45.740,200,多,38.641,9148.000,1419.880
2025-01-06,15:30:00,000651.SZ,46.020,200,多,38.641,9204.000,1475.880
2025-01-07,15:30:00,000651.SZ,45.650,200,多,38.641,9130.000,1401.880
2025-01-08,15:30:00,000651.SZ,47.240,200,多,38.641,9448.000,1719.880
2025-01-09,15:30:00,000651.SZ,47.500,200,多,38.641,9500.000,1771.880
2025-01-10,15:30:00,000651.SZ,46.400,200,多,38.641,9280.000,1551.880
2025-01-13,15:30:00,000651.SZ,44.900,200,多,38.641,8980.000,1251.880
2025-01-14,15:30:00,000651.SZ,45.640,200,多,38.641,9128.000,1399.880
2025-01-15,15:30:00,000651.SZ,46.090,200,多,38.641,9218.000,1489.880
2025-01-16,15:30:00,000651.SZ,46.300,200,多,38.641,9260.000,1531.880
2025-01-17,15:30:00,000651.SZ,46.000,200,多,38.641,9200.000,1471.880
2025-01-20,15:30:00,000651.SZ,45.080,200,多,38.641,9016.000,1287.880
2025-01-21,15:30:00,000651.SZ,44.760,200,多,38.641,8952.000,1223.880
2025-01-22,15:30:00,000651.SZ,44.060,200,多,38.641,8812.000,1083.880
2025-01-23,15:30:00,000651.SZ,44.270,200,多,38.641,8854.000,1125.880
2025-01-24,15:30:00,000651.SZ,44.460,200,多,38.641,8892.000,1163.880
2025-01-27,15:30:00,000651.SZ,44.890,200,多,38.641,8978.000,1249.880
2025-02-05,15:30:00,000651.SZ,43.830,200,多,38.641,8766.000,1037.880
2025-02-06,15:30:00,000651.SZ,43.640,200,多,38.641,8728.000,999.880
2025-02-07,15:30:00,000651.SZ,44.120,200,多,38.641,8824.000,1095.880
2025-02-10,15:30:00,000651.SZ,43.880,200,多,38.641,8776.000,1047.880
2025-02-11,15:30:00,000651.SZ,43.660,200,多,38.641,8732.000,1003.880
2025-02-12,15:30:00,000651.SZ,43.760,200,多,38.641,8752.000,1023.880
2025-02-13,15:30:00,000651.SZ,43.820,200,多,38.641,8764.000,1035.880
2025-02-14,15:30:00,000651.SZ,43.990,200,多,38.641,8798.000,1069.880
2025-02-17,15:30:00,000651.SZ,43.670,200,多,38.641,8734.000,1005.880
2025-02-18,15:30:00,000651.SZ,43.030,200,多,38.641,8606.000,877.880
2025-02-19,15:30:00,000651.SZ,41.940,200,多,38.641,8388.000,659.880
2025-02-20,15:30:00,000651.SZ,41.850,200,多,38.641,8370.000,641.880
2025-02-21,15:30:00,000651.SZ,41.360,200,多,38.641,8272.000,543.880
2025-02-24,15:30:00,000651.SZ,41.270,200,多,38.641,8254.000,525.880
2025-02-25,15:30:00,000651.SZ,40.500,200,多,38.641,8100.000,371.880
2025-02-26,15:30:00,000651.SZ,40.920,200,多,38.641,8184.000,455.880
2025-02-27,15:30:00,000651.SZ,41.430,200,多,38.641,8286.000,557.880
2025-02-28,15:30:00,000651.SZ,40.850,200,多,38.641,8170.000,441.880
2025-03-03,15:30:00,000651.SZ,40.560,200,多,38.641,8112.000,383.880
2025-03-04,15:30:00,000651.SZ,41.690,200,多,38.641,8338.000,609.880
2025-03-05,15:30:00,000651.SZ,42.060,200,多,38.641,8412.000,683.880
2025-03-06,15:30:00,000651.SZ,42.110,200,多,38.641,8422.000,693.880
2025-03-07,15:30:00,000651.SZ,41.860,200,多,38.641,8372.000,643.880
2025-03-10,15:30:00,000651.SZ,42.250,200,多,38.641,8450.000,721.880
2025-03-11,15:30:00,000651.SZ,42.350,200,多,38.641,8470.000,741.880
2025-03-12,15:30:00,000651.SZ,42.120,200,多,38.641,8424.000,695.880
2025-03-13,15:30:00,000651.SZ,42.530,200,多,38.641,8506.000,777.880
2025-03-14,15:30:00,000651.SZ,43.200,200,多,38.641,8640.000,911.880
2025-03-17,15:30:00,000651.SZ,43.300,200,多,38.641,8660.000,931.880
2025-03-18,15:30:00,000651.SZ,43.770,200,多,38.641,8754.000,1025.880
2025-03-19,15:30:00,000651.SZ,43.610,200,多,38.641,8722.000,993.880
2025-03-20,15:30:00,000651.SZ,42.710,200,多,38.641,8542.000,813.880
2025-03-21,15:30:00,000651.SZ,43.740,200,多,38.641,8748.000,1019.880
2025-03-24,15:30:00,000651.SZ,44.980,200,多,38.641,8996.000,1267.880
2025-03-25,15:30:00,000651.SZ,45.160,200,多,38.641,9032.000,1303.880
2025-03-26,15:30:00,000651.SZ,44.950,200,多,38.641,8990.000,1261.880
2025-03-27,15:30:00,000651.SZ,45.190,200,多,38.641,9038.000,1309.880
2025-03-28,15:30:00,000651.SZ,45.280,200,多,38.641,9056.000,1327.880
2025-03-31,15:30:00,000651.SZ,45.460,200,多,38.641,9092.000,1363.880
2025-04-01,15:30:00,000651.SZ,45.130,200,多,38.641,9026.000,1297.880
2025-04-02,15:30:00,000651.SZ,45.170,200,多,38.641,9034.000,1305.880
2025-04-03,15:30:00,000651.SZ,45.350,200,多,38.641,9070.000,1341.880
2025-04-07,15:30:00,000651.SZ,43.300,200,多,38.641,8660.000,931.880
2025-04-08,15:30:00,000651.SZ,44.620,200,多,38.641,8924.000,1195.880
2025-04-09,15:30:00,000651.SZ,44.870,200,多,38.641,8974.000,1245.880
2025-04-10,15:30:00,000651.SZ,44.810,200,多,38.641,8962.000,1233.880
2025-04-11,15:30:00,000651.SZ,45.100,200,多,38.641,9020.000,1291.880
2025-04-14,15:30:00,000651.SZ,43.890,200,多,38.641,8778.000,1049.880
2025-04-15,15:30:00,000651.SZ,44.860,200,多,38.641,8972.000,1243.880
2025-04-16,15:30:00,000651.SZ,45.280,200,多,38.641,9056.000,1327.880
2025-04-17,15:30:00,000651.SZ,44.980,200,多,38.641,8996.000,1267.880
2025-04-18,15:30:00,000651.SZ,45.300,200,多,38.641,9060.000,1331.880
2025-04-21,15:30:00,000651.SZ,45.190,200,多,38.641,9038.000,1309.880
2025-04-22,15:30:00,000651.SZ,45.550,0,多,0.000,0.000,0.000
2025-10-10,15:30:00,600036.SS,40.180,200,多,40.207,8036.000,-5.400
2025-10-13,15:30:00,600036.SS,40.110,200,多,40.207,8022.000,-19.400
2025-10-14,15:30:00,600036.SS,41.260,200,多,40.207,8252.000,210.600
2025-10-15,15:30:00,600036.SS,41.500,200,多,40.207,8300.000,258.600
2025-10-16,15:30:00,600036.SS,41.930,200,多,40.207,8386.000,344.600
2025-10-17,15:30:00,600036.SS,41.590,200,多,40.207,8318.000,276.600
2025-10-20,15:30:00,600036.SS,41.420,200,多,40.207,8284.000,242.600
2025-10-21,15:30:00,600036.SS,41.980,200,多,40.207,8396.000,354.600
2025-10-22,15:30:00,600036.SS,41.950,200,多,40.207,8390.000,348.600
2025-10-23,15:30:00,600036.SS,42.240,200,多,40.207,8448.000,406.600
2025-10-24,15:30:00,600036.SS,41.950,200,多,40.207,8390.000,348.600
2025-10-27,15:30:00,600036.SS,41.590,200,多,40.207,8318.000,276.600
2025-10-28,15:30:00,600036.SS,41.600,200,多,40.207,8320.000,278.600
2025-10-29,15:30:00,600036.SS,40.770,200,多,40.207,8154.000,112.600
2025-10-30,15:30:00,600036.SS,41.200,200,多,40.207,8240.000,198.600
2025-10-31,15:30:00,600036.SS,40.890,200,多,40.207,8178.000,136.600
2025-11-03,15:30:00,600036.SS,41.790,200,多,40.207,8358.000,316.600
2025-11-04,15:30:00,600036.SS,43.010,200,多,40.207,8602.000,560.600
2025-11-05,15:30:00,600036.SS,42.800,200,多,40.207,8560.000,518.600
2025-11-06,15:30:00,600036.SS,42.340,200,多,40.207,8468.000,426.600
2025-11-07,15:30:00,600036.SS,42.510,200,多,40.207,8502.000,460.600
2025-11-10,15:30:00,600036.SS,42.720,200,多,40.207,8544.000,502.600
2025-11-11,15:30:00,600036.SS,42.960,200,多,40.207,8592.000,550.600
2025-11-12,15:30:00,600036.SS,42.930,200,多,40.207,8586.000,544.600
2025-11-13,15:30:00,600036.SS,43.210,200,多,40.207,8642.000,600.600
2025-11-14,15:30:00,600036.SS,43.250,200,多,40.207,8650.000,608.600
2025-11-17,15:30:00,600036.SS,42.650,200,多,40.207,8530.000,488.600
2025-11-18,15:30:00,600036.SS,42.880,200,多,40.207,8576.000,534.600
2025-11-19,15:30:00,600036.SS,43.220,200,多,40.207,8644.000,602.600
2025-11-20,15:30:00,600036.SS,43.230,200,多,40.207,8646.000,604.600
2025-11-21,15:30:00,600036.SS,43.000,200,多,40.207,8600.000,558.600
2025-11-24,15:30:00,600036.SS,42.630,200,多,40.207,8526.000,484.600
2025-11-25,15:30:00,600036.SS,43.250,200,多,40.207,8650.000,608.600
2025-11-26,15:30:00,600036.SS,43.250,200,多,40.207,8650.000,608.600
2025-11-27,15:30:00,600036.SS,43.190,200,多,40.207,8638.000,596.600
2025-11-28,15:30:00,600036.SS,42.950,200,多,40.207,8590.000,548.600
2025-12-01,15:30:00,600036.SS,43.440,200,多,40.207,8688.000,646.600
2025-12-02,15:30:00,600036.SS,43.380,200,多,40.207,8676.000,634.600
2025-12-03,15:30:00,600036.SS,43.010,200,多,40.207,8602.000,560.600
2025-12-04,15:30:00,600036.SS,43.220,200,多,40.207,8644.000,602.600
2025-12-05,15:30:00,600036.SS,43.450,200,多,40.207,8690.000,648.600
2025-12-08,15:30:00,600036.SS,43.180,200,多,40.207,8636.000,594.600
2025-12-09,15:30:00,600036.SS,43.040,200,多,40.207,8608.000,566.600
2025-12-10,15:30:00,600036.SS,41.700,200,多,40.207,8340.000,298.600
2025-12-11,15:30:00,600036.SS,41.680,200,多,40.207,8336.000,294.600
2025-12-12,15:30:00,600036.SS,41.740,200,多,40.207,8348.000,306.600
2025-12-15,15:30:00,600036.SS,41.800,200,多,40.207,8360.000,318.600
2025-12-16,15:30:00,600036.SS,41.700,200,多,40.207,8340.000,298.600
2025-12-17,15:30:00,600036.SS,41.520,200,多,40.207,8304.000,262.600
2025-12-18,15:30:00,600036.SS,42.370,200,多,40.207,8474.000,432.600
2025-12-19,15:30:00,600036.SS,41.990,200,多,40.207,8398.000,356.600
2025-12-22,15:30:00,600036.SS,41.770,0,多,0.000,0.000,0.000
2025-12-31,15:30:00,000651.SZ,40.220,200,多,40.247,8044.000,-5.400
