event_id,event_datetime,security,type,direction,window,matured_datetime,base_close,end_close,directional_return,mfe,mae
600519SS_2025-01-10T000000_BUY_SETUP_1_2025-01-10T000000_9,2025-01-10 00:00:00,600519.SS,BUY_SETUP,1,5,2025-01-17 00:00:00,1384.44,1403.19,0.01354338,0.03370316,-0.01010517
600519SS_2025-01-10T000000_BUY_COUNTDOWN_CANCEL_1_2024-11-25T000000_10,2025-01-10 00:00:00,600519.SS,BUY_COUNTDOWN_CANCEL,1,5,2025-01-17 00:00:00,1384.44,1403.19,0.01354338,0.03370316,-0.01010517
000858SZ_2025-01-10T000000_BUY_SETUP_1_2025-01-10T000000_9,2025-01-10 00:00:00,000858.SZ,BUY_SETUP,1,5,2025-01-17 00:00:00,120.27,123.97,0.03076411,0.04739336,-0.01363599
000858SZ_2025-01-10T000000_BUY_COUNTDOWN_CANCEL_1_2024-12-26T000000_8,2025-01-10 00:00:00,000858.SZ,BUY_COUNTDOWN_CANCEL,1,5,2025-01-17 00:00:00,120.27,123.97,0.03076411,0.04739336,-0.01363599
601318SS_2025-01-13T000000_BUY_SETUP_PERFECT_1_2025-01-13T000000_9,2025-01-13 00:00:00,601318.SS,BUY_SETUP_PERFECT,1,5,2025-01-20 00:00:00,46.04,47.26,0.0264987,0.03714162,-0.00195482
600036SS_2025-01-27T000000_SELL_COUNTDOWN_COMPLETE_PERFECT_-1_2024-12-10T000000_13,2025-01-27 00:00:00,600036.SS,SELL_COUNTDOWN_COMPLETE_PERFECT,-1,5,2025-02-11 00:00:00,37.64,37.97,-0.00876727,0.02444208,-0.01036132
600519SS_2025-01-10T000000_BUY_SETUP_1_2025-01-10T000000_9,2025-01-10 00:00:00,600519.SS,BUY_SETUP,1,20,2025-02-17 00:00:00,1384.44,1420.06,0.02572881,0.04260206,-0.02599607
600519SS_2025-01-10T000000_BUY_COUNTDOWN_CANCEL_1_2024-11-25T000000_10,2025-01-10 00:00:00,600519.SS,BUY_COUNTDOWN_CANCEL,1,20,2025-02-17 00:00:00,1384.44,1420.06,0.02572881,0.04260206,-0.02599607
000858SZ_2025-01-10T000000_BUY_SETUP_1_2025-01-10T000000_9,2025-01-10 00:00:00,000858.SZ,BUY_SETUP,1,20,2025-02-17 00:00:00,120.27,125.8,0.04597988,0.06244284,-0.01363599
000858SZ_2025-01-10T000000_BUY_COUNTDOWN_CANCEL_1_2024-12-26T000000_8,2025-01-10 00:00:00,000858.SZ,BUY_COUNTDOWN_CANCEL,1,20,2025-02-17 00:00:00,120.27,125.8,0.04597988,0.06244284,-0.01363599
601318SS_2025-01-13T000000_BUY_SETUP_PERFECT_1_2025-01-13T000000_9,2025-01-13 00:00:00,601318.SS,BUY_SETUP_PERFECT,1,20,2025-02-18 00:00:00,46.04,48.76,0.05907906,0.08231972,-0.00195482
601318SS_2025-02-19T000000_SELL_SETUP_-1_2025-02-19T000000_9,2025-02-19 00:00:00,601318.SS,SELL_SETUP,-1,5,2025-02-26 00:00:00,48.9,49.07,-0.00347648,0.0202454,-0.02106339
601318SS_2025-02-19T000000_BUY_COUNTDOWN_CANCEL_1_2025-01-13T000000_4,2025-02-19 00:00:00,601318.SS,BUY_COUNTDOWN_CANCEL,1,5,2025-02-26 00:00:00,48.9,49.07,0.00347648,0.02106339,-0.0202454
600036SS_2025-01-27T000000_SELL_COUNTDOWN_COMPLETE_PERFECT_-1_2024-12-10T000000_13,2025-01-27 00:00:00,600036.SS,SELL_COUNTDOWN_COMPLETE_PERFECT,-1,20,2025-03-04 00:00:00,37.64,38.79,-0.0305526,0.02444208,-0.05340064
600519SS_2025-03-11T000000_BUY_COUNTDOWN_CANCEL_1_2025-01-10T000000_11,2025-03-11 00:00:00,600519.SS,BUY_COUNTDOWN_CANCEL,1,5,2025-03-18 00:00:00,1497.12,1572.44,0.05030993,0.07301352,-0.0149153
600036SS_2025-03-11T000000_SELL_SETUP_-1_2025-03-11T000000_9,2025-03-11 00:00:00,600036.SS,SELL_SETUP,-1,5,2025-03-18 00:00:00,40.5,42.13,-0.04024691,0.00641975,-0.0491358
601318SS_2025-02-19T000000_SELL_SETUP_-1_2025-02-19T000000_9,2025-02-19 00:00:00,601318.SS,SELL_SETUP,-1,20,2025-03-19 00:00:00,48.9,51.52,-0.05357873,0.02965235,-0.05828221
601318SS_2025-02-19T000000_BUY_COUNTDOWN_CANCEL_1_2025-01-13T000000_4,2025-02-19 00:00:00,601318.SS,BUY_COUNTDOWN_CANCEL,1,20,2025-03-19 00:00:00,48.9,51.52,0.05357873,0.05828221,-0.02965235
000651SZ_2025-03-13T000000_SELL_SETUP_PERFECT_-1_2025-03-13T000000_9,2025-03-13 00:00:00,000651.SZ,SELL_SETUP_PERFECT,-1,5,2025-03-20 00:00:00,38.54,38.72,-0.00467047,-0.00025947,-0.04229372
600519SS_2025-03-18T000000_SELL_SETUP_PERFECT_-1_2025-03-18T000000_9,2025-03-18 00:00:00,600519.SS,SELL_SETUP_PERFECT,-1,5,2025-03-25 00:00:00,1572.44,1523.94,0.03084378,0.0391875,-0.0152629
000858SZ_2025-03-24T000000_BUY_COUNTDOWN_COMPLETE_1_2025-01-10T000000_13,2025-03-24 00:00:00,000858.SZ,BUY_COUNTDOWN_COMPLETE,1,5,2025-03-31 00:00:00,128.56,125.6,-0.02302427,0.0035781,-0.02302427
600519SS_2025-03-11T000000_BUY_COUNTDOWN_CANCEL_1_2025-01-10T000000_11,2025-03-11 00:00:00,600519.SS,BUY_COUNTDOWN_CANCEL,1,20,2025-04-09 00:00:00,1497.12,1489.48,-0.00510313,0.07301352,-0.05789783
000858SZ_2025-04-01T000000_BUY_SETUP_PERFECT_1_2025-04-01T000000_9,2025-04-01 00:00:00,000858.SZ,BUY_SETUP_PERFECT,1,5,2025-04-09 00:00:00,126.04,126.5,0.00364964,0.01340844,-0.06339257
600036SS_2025-03-11T000000_SELL_SETUP_-1_2025-03-11T000000_9,2025-03-11 00:00:00,600036.SS,SELL_SETUP,-1,20,2025-04-09 00:00:00,40.5,37.45,0.07530864,0.1017284,-0.06395062
000651SZ_2025-03-13T000000_SELL_SETUP_PERFECT_-1_2025-03-13T000000_9,2025-03-13 00:00:00,000651.SZ,SELL_SETUP_PERFECT,-1,20,2025-04-11 00:00:00,38.54,41.11,-0.06668396,0.00856253,-0.09600415
601318SS_2025-04-07T000000_SELL_COUNTDOWN_CANCEL_-1_2025-02-19T000000_6,2025-04-07 00:00:00,601318.SS,SELL_COUNTDOWN_CANCEL,-1,5,2025-04-14 00:00:00,46.01,46.93,-0.01999565,0.00999783,-0.02803738
600036SS_2025-04-07T000000_SELL_COUNTDOWN_CANCEL_-1_2025-03-11T000000_4,2025-04-07 00:00:00,600036.SS,SELL_COUNTDOWN_CANCEL,-1,5,2025-04-14 00:00:00,37.82,38.47,-0.01718667,0.01401375,-0.02855632
600519SS_2025-01-10T000000_BUY_SETUP_1_2025-01-10T000000_9,2025-01-10 00:00:00,600519.SS,BUY_SETUP,1,60,2025-04-15 00:00:00,1384.44,1506.44,0.08812227,0.16034642,-0.02599607
600519SS_2025-01-10T000000_BUY_COUNTDOWN_CANCEL_1_2024-11-25T000000_10,2025-01-10 00:00:00,600519.SS,BUY_COUNTDOWN_CANCEL,1,60,2025-04-15 00:00:00,1384.44,1506.44,0.08812227,0.16034642,-0.02599607
000858SZ_2025-01-10T000000_BUY_SETUP_1_2025-01-10T000000_9,2025-01-10 00:00:00,000858.SZ,BUY_SETUP,1,60,2025-04-15 00:00:00,120.27,125.6,0.04431695,0.14084975,-0.01845847
000858SZ_2025-01-10T000000_BUY_COUNTDOWN_CANCEL_1_2024-12-26T000000_8,2025-01-10 00:00:00,000858.SZ,BUY_COUNTDOWN_CANCEL,1,60,2025-04-15 00:00:00,120.27,125.6,0.04431695,0.14084975,-0.01845847
600519SS_2025-03-18T000000_SELL_SETUP_PERFECT_-1_2025-03-18T000000_9,2025-03-18 00:00:00,600519.SS,SELL_SETUP_PERFECT,-1,20,2025-04-16 00:00:00,1572.44,1507.61,0.04122892,0.1030246,-0.0152629
601318SS_2025-01-13T000000_BUY_SETUP_PERFECT_1_2025-01-13T000000_9,2025-01-13 00:00:00,601318.SS,BUY_SETUP_PERFECT,1,60,2025-04-16 00:00:00,46.04,47.33,0.02801911,0.12402259,-0.03453519
601318SS_2025-04-10T000000_BUY_SETUP_1_2025-04-10T000000_9,2025-04-10 00:00:00,601318.SS,BUY_SETUP,1,5,2025-04-17 00:00:00,46.93,47.61,0.01448967,0.01704667,-0.01065417
000858SZ_2025-03-24T000000_BUY_COUNTDOWN_COMPLETE_1_2025-01-10T000000_13,2025-03-24 00:00:00,000858.SZ,BUY_COUNTDOWN_COMPLETE,1,20,2025-04-22 00:00:00,128.56,124.35,-0.03274736,0.0035781,-0.08175171
000651SZ_2025-04-21T000000_SELL_COUNTDOWN_COMPLETE_-1_2025-03-13T000000_13,2025-04-21 00:00:00,000651.SZ,SELL_COUNTDOWN_COMPLETE,-1,5,2025-04-28 00:00:00,41.2,42.56,-0.03300971,0.00461165,-0.05121359
000858SZ_2025-04-01T000000_BUY_SETUP_PERFECT_1_2025-04-01T000000_9,2025-04-01 00:00:00,000858.SZ,BUY_SETUP_PERFECT,1,20,2025-04-30 00:00:00,126.04,122.95,-0.02451603,0.01348778,-0.06339257
601318SS_2025-04-23T000000_SELL_SETUP_PERFECT_-1_2025-04-23T000000_9,2025-04-23 00:00:00,601318.SS,SELL_SETUP_PERFECT,-1,5,2025-04-30 00:00:00,48.15,48.16,-0.00020768,0.01391485,-0.01952233
601318SS_2025-04-23T000000_BUY_COUNTDOWN_CANCEL_1_2025-04-10T000000_0,2025-04-23 00:00:00,601318.SS,BUY_COUNTDOWN_CANCEL,1,5,2025-04-30 00:00:00,48.15,48.16,0.00020768,0.01952233,-0.01391485
600036SS_2025-01-27T000000_SELL_COUNTDOWN_COMPLETE_PERFECT_-1_2024-12-10T000000_13,2025-01-27 00:00:00,600036.SS,SELL_COUNTDOWN_COMPLETE_PERFECT,-1,60,2025-04-30 00:00:00,37.64,37.73,-0.00239107,0.03347503,-0.14479277
601318SS_2025-04-07T000000_SELL_COUNTDOWN_CANCEL_-1_2025-02-19T000000_6,2025-04-07 00:00:00,601318.SS,SELL_COUNTDOWN_CANCEL,-1,20,2025-05-08 00:00:00,46.01,49.41,-0.07389698,0.00999783,-0.0823734
600036SS_2025-04-07T000000_SELL_COUNTDOWN_CANCEL_-1_2025-03-11T000000_4,2025-04-07 00:00:00,600036.SS,SELL_COUNTDOWN_CANCEL,-1,20,2025-05-08 00:00:00,37.82,39.79,-0.05208884,0.01401375,-0.06848228
000651SZ_2025-04-30T000000_SELL_SETUP_-1_2025-04-30T000000_9,2025-04-30 00:00:00,000651.SZ,SELL_SETUP,-1,5,2025-05-12 00:00:00,41.57,42.91,-0.03223478,0.00601395,-0.04185711
601318SS_2025-04-10T000000_BUY_SETUP_1_2025-04-10T000000_9,2025-04-10 00:00:00,601318.SS,BUY_SETUP,1,20,2025-05-13 00:00:00,46.93,49.91,0.06349883,0.07053058,-0.01065417
601318SS_2025-02-19T000000_SELL_SETUP_-1_2025-02-19T000000_9,2025-02-19 00:00:00,601318.SS,SELL_SETUP,-1,60,2025-05-20 00:00:00,48.9,51.13,-0.04560327,0.09100204,-0.07627812
601318SS_2025-02-19T000000_BUY_COUNTDOWN_CANCEL_1_2025-01-13T000000_4,2025-02-19 00:00:00,601318.SS,BUY_COUNTDOWN_CANCEL,1,60,2025-05-20 00:00:00,48.9,51.13,0.04560327,0.07627812,-0.09100204
000651SZ_2025-04-21T000000_SELL_COUNTDOWN_COMPLETE_-1_2025-03-13T000000_13,2025-04-21 00:00:00,000651.SZ,SELL_COUNTDOWN_COMPLETE,-1,20,2025-05-22 00:00:00,41.2,44.09,-0.07014563,0.00461165,-0.07572816
600519SS_2025-05-16T000000_SELL_SETUP_-1_2025-05-16T000000_9,2025-05-16 00:00:00,600519.SS,SELL_SETUP,-1,5,2025-05-23 00:00:00,1562.57,1521.04,0.02657801,0.02817794,0.00904279
600519SS_2025-05-16T000000_SELL_COUNTDOWN_CANCEL_-1_2025-03-18T000000_10,2025-05-16 00:00:00,600519.SS,SELL_COUNTDOWN_CANCEL,-1,5,2025-05-23 00:00:00,1562.57,1521.04,0.02657801,0.02817794,0.00904279
601318SS_2025-04-23T000000_SELL_SETUP_PERFECT_-1_2025-04-23T000000_9,2025-04-23 00:00:00,601318.SS,SELL_SETUP_PERFECT,-1,20,2025-05-26 00:00:00,48.15,50.85,-0.05607477,0.01391485,-0.09304258
601318SS_2025-04-23T000000_BUY_COUNTDOWN_CANCEL_1_2025-04-10T000000_0,2025-04-23 00:00:00,601318.SS,BUY_COUNTDOWN_CANCEL,1,20,2025-05-26 00:00:00,48.15,50.85,0.05607477,0.09304258,-0.01391485
000858SZ_2025-05-23T000000_BUY_COUNTDOWN_COMPLETE_PERFECT_1_2025-04-01T000000_13,2025-05-23 00:00:00,000858.SZ,BUY_COUNTDOWN_COMPLETE_PERFECT,1,5,2025-05-30 00:00:00,122.4,120.69,-0.01397059,0.0,-0.02165033
000651SZ_2025-04-30T000000_SELL_SETUP_-1_2025-04-30T000000_9,2025-04-30 00:00:00,000651.SZ,SELL_SETUP,-1,20,2025-06-03 00:00:00,41.57,41.99,-0.01010344,0.00601395,-0.06904017
600519SS_2025-05-27T000000_SELL_COUNTDOWN_CANCEL_-1_2025-05-16T000000_0,2025-05-27 00:00:00,600519.SS,SELL_COUNTDOWN_CANCEL,-1,5,2025-06-04 00:00:00,1492.34,1458.4,0.02274281,0.02605304,-0.00743798
000858SZ_2025-05-28T000000_BUY_SETUP_PERFECT_1_2025-05-28T000000_9,2025-05-28 00:00:00,000858.SZ,BUY_SETUP_PERFECT,1,5,2025-06-05 00:00:00,121.17,119.28,-0.01559792,0.00519931,-0.02327309
600519SS_2025-03-11T000000_BUY_COUNTDOWN_CANCEL_1_2025-01-10T000000_11,2025-03-11 00:00:00,600519.SS,BUY_COUNTDOWN_CANCEL,1,60,2025-06-10 00:00:00,1497.12,1423.45,-0.04920781,0.07301352,-0.05789783
600036SS_2025-03-11T000000_SELL_SETUP_-1_2025-03-11T000000_9,2025-03-11 00:00:00,600036.SS,SELL_SETUP,-1,60,2025-06-10 00:00:00,40.5,41.66,-0.02864198,0.1017284,-0.06395062
000651SZ_2025-03-13T000000_SELL_SETUP_PERFECT_-1_2025-03-13T000000_9,2025-03-13 00:00:00,000651.SZ,SELL_SETUP_PERFECT,-1,60,2025-06-12 00:00:00,38.54,41.87,-0.08640374,0.00856253,-0.1530877
600519SS_2025-05-16T000000_SELL_SETUP_-1_2025-05-16T000000_9,2025-05-16 00:00:00,600519.SS,SELL_SETUP,-1,20,2025-06-16 00:00:00,1562.57,1370.73,0.1227721,0.13628189,0.00904279
600519SS_2025-05-16T000000_SELL_COUNTDOWN_CANCEL_-1_2025-03-18T000000_10,2025-05-16 00:00:00,600519.SS,SELL_COUNTDOWN_CANCEL,-1,20,2025-06-16 00:00:00,1562.57,1370.73,0.1227721,0.13628189,0.00904279
600519SS_2025-03-18T000000_SELL_SETUP_PERFECT_-1_2025-03-18T000000_9,2025-03-18 00:00:00,600519.SS,SELL_SETUP_PERFECT,-1,60,2025-06-17 00:00:00,1572.44,1375.44,0.125283,0.14170334,-0.0152629
601318SS_2025-06-11T000000_SELL_COUNTDOWN_COMPLETE_-1_2025-04-23T000000_13,2025-06-11 00:00:00,601318.SS,SELL_COUNTDOWN_COMPLETE,-1,5,2025-06-18 00:00:00,51.91,51.26,0.01252167,0.02234637,-0.01675978
600036SS_2025-06-13T000000_SELL_SETUP_-1_2025-06-13T000000_9,2025-06-13 00:00:00,600036.SS,SELL_SETUP,-1,5,2025-06-20 00:00:00,42.17,42.98,-0.01920797,0.00545411,-0.02371354
000858SZ_2025-03-24T000000_BUY_COUNTDOWN_COMPLETE_1_2025-01-10T000000_13,2025-03-24 00:00:00,000858.SZ,BUY_COUNTDOWN_COMPLETE,1,60,2025-06-23 00:00:00,128.56,112.53,-0.12468886,0.02232421,-0.1346453
000858SZ_2025-05-23T000000_BUY_COUNTDOWN_COMPLETE_PERFECT_1_2025-04-01T000000_13,2025-05-23 00:00:00,000858.SZ,BUY_COUNTDOWN_COMPLETE_PERFECT,1,20,2025-06-23 00:00:00,122.4,112.53,-0.08063725,0.0,-0.09109477
600519SS_2025-05-27T000000_SELL_COUNTDOWN_CANCEL_-1_2025-05-16T000000_0,2025-05-27 00:00:00,600519.SS,SELL_COUNTDOWN_CANCEL,-1,20,2025-06-25 00:00:00,1492.34,1384.3,0.07239637,0.09563504,-0.00743798
000858SZ_2025-05-28T000000_BUY_SETUP_PERFECT_1_2025-05-28T000000_9,2025-05-28 00:00:00,000858.SZ,BUY_SETUP_PERFECT,1,20,2025-06-26 00:00:00,121.17,113.98,-0.05933812,0.00519931,-0.08186845
000858SZ_2025-04-01T000000_BUY_SETUP_PERFECT_1_2025-04-01T000000_9,2025-04-01 00:00:00,000858.SZ,BUY_SETUP_PERFECT,1,60,2025-07-01 00:00:00,126.04,112.88,-0.1044113,0.0427642,-0.1173437
600036SS_2025-06-26T000000_SELL_SETUP_PERFECT_-1_2025-06-26T000000_9,2025-06-26 00:00:00,600036.SS,SELL_SETUP_PERFECT,-1,5,2025-07-03 00:00:00,44.87,43.6,0.02830399,0.04702474,0.00022287
600036SS_2025-06-26T000000_SELL_COUNTDOWN_CANCEL_-1_2025-06-13T000000_6,2025-06-26 00:00:00,600036.SS,SELL_COUNTDOWN_CANCEL,-1,5,2025-07-03 00:00:00,44.87,43.6,0.02830399,0.04702474,0.00022287
601318SS_2025-04-07T000000_SELL_COUNTDOWN_CANCEL_-1_2025-02-19T000000_6,2025-04-07 00:00:00,601318.SS,SELL_COUNTDOWN_CANCEL,-1,60,2025-07-04 00:00:00,46.01,55.62,-0.20886764,0.00999783,-0.22668985
600036SS_2025-04-07T000000_SELL_COUNTDOWN_CANCEL_-1_2025-03-11T000000_4,2025-04-07 00:00:00,600036.SS,SELL_COUNTDOWN_CANCEL,-1,60,2025-07-04 00:00:00,37.82,44.06,-0.16499207,0.01401375,-0.18640931
601318SS_2025-04-10T000000_BUY_SETUP_1_2025-04-10T000000_9,2025-04-10 00:00:00,601318.SS,BUY_SETUP,1,60,2025-07-09 00:00:00,46.93,54.95,0.17089282,0.20264223,-0.01065417
601318SS_2025-06-11T000000_SELL_COUNTDOWN_COMPLETE_-1_2025-04-23T000000_13,2025-06-11 00:00:00,601318.SS,SELL_COUNTDOWN_COMPLETE,-1,20,2025-07-09 00:00:00,51.91,54.95,-0.0585629,0.02581391,-0.08726642
600036SS_2025-06-13T000000_SELL_SETUP_-1_2025-06-13T000000_9,2025-06-13 00:00:00,600036.SS,SELL_SETUP,-1,20,2025-07-11 00:00:00,42.17,44.63,-0.05833531,0.00545411,-0.07991463
000651SZ_2025-07-04T000000_SELL_SETUP_PERFECT_-1_2025-07-04T000000_9,2025-07-04 00:00:00,000651.SZ,SELL_SETUP_PERFECT,-1,5,2025-07-11 00:00:00,43.75,43.96,-0.0048,0.01805714,-0.00937143
000651SZ_2025-07-04T000000_SELL_COUNTDOWN_CANCEL_-1_2025-04-30T000000_12,2025-07-04 00:00:00,000651.SZ,SELL_COUNTDOWN_CANCEL,-1,5,2025-07-11 00:00:00,43.75,43.96,-0.0048,0.01805714,-0.00937143
600519SS_2025-01-10T000000_BUY_SETUP_1_2025-01-10T000000_9,2025-01-10 00:00:00,600519.SS,BUY_SETUP,1,120,2025-07-14 00:00:00,1384.44,1399.64,0.01097917,0.16034642,-0.02599607
600519SS_2025-01-10T000000_BUY_COUNTDOWN_CANCEL_1_2024-11-25T000000_10,2025-01-10 00:00:00,600519.SS,BUY_COUNTDOWN_CANCEL,1,120,2025-07-14 00:00:00,1384.44,1399.64,0.01097917,0.16034642,-0.02599607
000858SZ_2025-01-10T000000_BUY_SETUP_1_2025-01-10T000000_9,2025-01-10 00:00:00,000858.SZ,BUY_SETUP,1,120,2025-07-14 00:00:00,120.27,119.66,-0.00507192,0.14084975,-0.07499792
000858SZ_2025-01-10T000000_BUY_COUNTDOWN_CANCEL_1_2024-12-26T000000_8,2025-01-10 00:00:00,000858.SZ,BUY_COUNTDOWN_CANCEL,1,120,2025-07-14 00:00:00,120.27,119.66,-0.00507192,0.14084975,-0.07499792
601318SS_2025-01-13T000000_BUY_SETUP_PERFECT_1_2025-01-13T000000_9,2025-01-13 00:00:00,601318.SS,BUY_SETUP_PERFECT,1,120,2025-07-15 00:00:00,46.04,56.15,0.21959166,0.26129453,-0.03453519
000651SZ_2025-04-21T000000_SELL_COUNTDOWN_COMPLETE_-1_2025-03-13T000000_13,2025-04-21 00:00:00,000651.SZ,SELL_COUNTDOWN_COMPLETE,-1,60,2025-07-18 00:00:00,41.2,44.89,-0.08956311,0.00461165,-0.09466019
000858SZ_2025-07-15T000000_SELL_SETUP_PERFECT_-1_2025-07-15T000000_9,2025-07-15 00:00:00,000858.SZ,SELL_SETUP_PERFECT,-1,5,2025-07-22 00:00:00,119.25,122.95,-0.03102725,0.0033543,-0.03404612
000858SZ_2025-07-15T000000_BUY_COUNTDOWN_CANCEL_1_2025-05-28T000000_10,2025-07-15 00:00:00,000858.SZ,BUY_COUNTDOWN_CANCEL,1,5,2025-07-22 00:00:00,119.25,122.95,0.03102725,0.03404612,-0.0033543
601318SS_2025-04-23T000000_SELL_SETUP_PERFECT_-1_2025-04-23T000000_9,2025-04-23 00:00:00,601318.SS,SELL_SETUP_PERFECT,-1,60,2025-07-22 00:00:00,48.15,55.75,-0.15784008,0.01391485,-0.20602285
601318SS_2025-04-23T000000_BUY_COUNTDOWN_CANCEL_1_2025-04-10T000000_0,2025-04-23 00:00:00,601318.SS,BUY_COUNTDOWN_CANCEL,1,60,2025-07-22 00:00:00,48.15,55.75,0.15784008,0.20602285,-0.01391485
601318SS_2025-07-15T000000_SELL_SETUP_-1_2025-07-15T000000_9,2025-07-15 00:00:00,601318.SS,SELL_SETUP,-1,5,2025-07-22 00:00:00,56.15,55.75,0.00712378,0.01780944,-0.01157614
600036SS_2025-06-26T000000_SELL_SETUP_PERFECT_-1_2025-06-26T000000_9,2025-06-26 00:00:00,600036.SS,SELL_SETUP_PERFECT,-1,20,2025-07-24 00:00:00,44.87,43.87,0.02228661,0.04702474,-0.01493203
600036SS_2025-06-26T000000_SELL_COUNTDOWN_CANCEL_-1_2025-06-13T000000_6,2025-06-26 00:00:00,600036.SS,SELL_COUNTDOWN_CANCEL,-1,20,2025-07-24 00:00:00,44.87,43.87,0.02228661,0.04702474,-0.01493203
600036SS_2025-01-27T000000_SELL_COUNTDOWN_COMPLETE_PERFECT_-1_2024-12-10T000000_13,2025-01-27 00:00:00,600036.SS,SELL_COUNTDOWN_COMPLETE_PERFECT,-1,120,2025-07-29 00:00:00,37.64,43.13,-0.14585547,0.03347503,-0.2098831
000651SZ_2025-04-30T000000_SELL_SETUP_-1_2025-04-30T000000_9,2025-04-30 00:00:00,000651.SZ,SELL_SETUP,-1,60,2025-07-29 00:00:00,41.57,43.13,-0.03752706,0.01274958,-0.09405822
000651SZ_2025-07-04T000000_SELL_SETUP_PERFECT_-1_2025-07-04T000000_9,2025-07-04 00:00:00,000651.SZ,SELL_SETUP_PERFECT,-1,20,2025-08-01 00:00:00,43.75,42.9,0.01942857,0.02834286,-0.03954286
000651SZ_2025-07-04T000000_SELL_COUNTDOWN_CANCEL_-1_2025-04-30T000000_12,2025-07-04 00:00:00,000651.SZ,SELL_COUNTDOWN_CANCEL,-1,20,2025-08-01 00:00:00,43.75,42.9,0.01942857,0.02834286,-0.03954286
600519SS_2025-05-16T000000_SELL_SETUP_-1_2025-05-16T000000_9,2025-05-16 00:00:00,600519.SS,SELL_SETUP,-1,60,2025-08-11 00:00:00,1562.57,1421.04,0.09057514,0.13628189,0.00904279
600519SS_2025-05-16T000000_SELL_COUNTDOWN_CANCEL_-1_2025-03-18T000000_10,2025-05-16 00:00:00,600519.SS,SELL_COUNTDOWN_CANCEL,-1,60,2025-08-11 00:00:00,1562.57,1421.04,0.09057514,0.13628189,0.00904279
000858SZ_2025-07-15T000000_SELL_SETUP_PERFECT_-1_2025-07-15T000000_9,2025-07-15 00:00:00,000858.SZ,SELL_SETUP_PERFECT,-1,20,2025-08-12 00:00:00,119.25,120.61,-0.01140461,0.01207547,-0.04234801
000858SZ_2025-07-15T000000_BUY_COUNTDOWN_CANCEL_1_2025-05-28T000000_10,2025-07-15 00:00:00,000858.SZ,BUY_COUNTDOWN_CANCEL,1,20,2025-08-12 00:00:00,119.25,120.61,0.01140461,0.04234801,-0.01207547
601318SS_2025-07-15T000000_SELL_SETUP_-1_2025-07-15T000000_9,2025-07-15 00:00:00,601318.SS,SELL_SETUP,-1,20,2025-08-12 00:00:00,56.15,57.8,-0.02938557,0.01780944,-0.07533393
601318SS_2025-02-19T000000_SELL_SETUP_-1_2025-02-19T000000_9,2025-02-19 00:00:00,601318.SS,SELL_SETUP,-1,120,2025-08-13 00:00:00,48.9,57.66,-0.1791411,0.09100204,-0.23476483
601318SS_2025-02-19T000000_BUY_COUNTDOWN_CANCEL_1_2025-01-13T000000_4,2025-02-19 00:00:00,601318.SS,BUY_COUNTDOWN_CANCEL,1,120,2025-08-13 00:00:00,48.9,57.66,0.1791411,0.23476483,-0.09100204
000858SZ_2025-05-23T000000_BUY_COUNTDOWN_COMPLETE_PERFECT_1_2025-04-01T000000_13,2025-05-23 00:00:00,000858.SZ,BUY_COUNTDOWN_COMPLETE_PERFECT,1,60,2025-08-18 00:00:00,122.4,121.17,-0.01004902,0.01552288,-0.09109477
600519SS_2025-05-27T000000_SELL_COUNTDOWN_CANCEL_-1_2025-05-16T000000_0,2025-05-27 00:00:00,600519.SS,SELL_COUNTDOWN_CANCEL,-1,60,2025-08-20 00:00:00,1492.34,1426.04,0.04442687,0.09563504,-0.00743798
000858SZ_2025-05-28T000000_BUY_SETUP_PERFECT_1_2025-05-28T000000_9,2025-05-28 00:00:00,000858.SZ,BUY_SETUP_PERFECT,1,60,2025-08-21 00:00:00,121.17,122.87,0.01402988,0.02583148,-0.08186845
000858SZ_2025-08-20T000000_SELL_COUNTDOWN_COMPLETE_PERFECT_-1_2025-07-15T000000_13,2025-08-20 00:00:00,000858.SZ,SELL_COUNTDOWN_COMPLETE_PERFECT,-1,5,2025-08-27 00:00:00,123.2,124.04,-0.00681818,0.00746753,-0.04926948
600036SS_2025-08-20T000000_BUY_SETUP_1_2025-08-20T000000_9,2025-08-20 00:00:00,600036.SS,BUY_SETUP,1,5,2025-08-27 00:00:00,42.44,41.99,-0.0106032,0.01343073,-0.0106032
600036SS_2025-08-20T000000_SELL_COUNTDOWN_CANCEL_-1_2025-06-26T000000_8,2025-08-20 00:00:00,600036.SS,SELL_COUNTDOWN_CANCEL,-1,5,2025-08-27 00:00:00,42.44,41.99,0.0106032,0.0106032,-0.01343073
000651SZ_2025-08-25T000000_SELL_COUNTDOWN_COMPLETE_PERFECT_-1_2025-07-04T000000_13,2025-08-25 00:00:00,000651.SZ,SELL_COUNTDOWN_COMPLETE_PERFECT,-1,5,2025-09-01 00:00:00,45.11,40.41,0.10418976,0.10551984,-0.00554201
600519SS_2025-03-11T000000_BUY_COUNTDOWN_CANCEL_1_2025-01-10T000000_11,2025-03-11 00:00:00,600519.SS,BUY_COUNTDOWN_CANCEL,1,120,2025-09-02 00:00:00,1497.12,1467.34,-0.01989153,0.07301352,-0.0985225
601318SS_2025-08-26T000000_SELL_COUNTDOWN_COMPLETE_PERFECT_-1_2025-07-15T000000_13,2025-08-26 00:00:00,601318.SS,SELL_COUNTDOWN_COMPLETE_PERFECT,-1,5,2025-09-02 00:00:00,59.57,57.71,0.03122377,0.03861004,-0.00973644
600036SS_2025-03-11T000000_SELL_SETUP_-1_2025-03-11T000000_9,2025-03-11 00:00:00,600036.SS,SELL_SETUP,-1,120,2025-09-02 00:00:00,40.5,42.43,-0.04765432,0.1017284,-0.12444444
601318SS_2025-06-11T000000_SELL_COUNTDOWN_COMPLETE_-1_2025-04-23T000000_13,2025-06-11 00:00:00,601318.SS,SELL_COUNTDOWN_COMPLETE,-1,60,2025-09-03 00:00:00,51.91,56.83,-0.09477943,0.02581391,-0.16316702
000651SZ_2025-03-13T000000_SELL_SETUP_PERFECT_-1_2025-03-13T000000_9,2025-03-13 00:00:00,000651.SZ,SELL_SETUP_PERFECT,-1,120,2025-09-04 00:00:00,38.54,40.19,-0.04281266,0.00856253,-0.18007265
600036SS_2025-06-13T000000_SELL_SETUP_-1_2025-06-13T000000_9,2025-06-13 00:00:00,600036.SS,SELL_SETUP,-1,60,2025-09-05 00:00:00,42.17,41.75,0.00995969,0.03130187,-0.07991463
600519SS_2025-03-18T000000_SELL_SETUP_PERFECT_-1_2025-03-18T000000_9,2025-03-18 00:00:00,600519.SS,SELL_SETUP_PERFECT,-1,120,2025-09-09 00:00:00,1572.44,1481.04,0.05812622,0.14170334,-0.0152629
000858SZ_2025-03-24T000000_BUY_COUNTDOWN_COMPLETE_1_2025-01-10T000000_13,2025-03-24 00:00:00,000858.SZ,BUY_COUNTDOWN_COMPLETE,1,120,2025-09-15 00:00:00,128.56,124.07,-0.03492533,0.02232421,-0.1346453
601318SS_2025-09-08T000000_BUY_SETUP_PERFECT_1_2025-09-08T000000_9,2025-09-08 00:00:00,601318.SS,BUY_SETUP_PERFECT,1,5,2025-09-15 00:00:00,56.75,56.38,-0.00651982,0.02643172,-0.0107489
000858SZ_2025-08-20T000000_SELL_COUNTDOWN_COMPLETE_PERFECT_-1_2025-07-15T000000_13,2025-08-20 00:00:00,000858.SZ,SELL_COUNTDOWN_COMPLETE_PERFECT,-1,20,2025-09-17 00:00:00,123.2,123.38,-0.00146104,0.01444805,-0.04926948
600036SS_2025-08-20T000000_BUY_SETUP_1_2025-08-20T000000_9,2025-08-20 00:00:00,600036.SS,BUY_SETUP,1,20,2025-09-17 00:00:00,42.44,40.75,-0.03982092,0.01343073,-0.04217719
600036SS_2025-08-20T000000_SELL_COUNTDOWN_CANCEL_-1_2025-06-26T000000_8,2025-08-20 00:00:00,600036.SS,SELL_COUNTDOWN_CANCEL,-1,20,2025-09-17 00:00:00,42.44,40.75,0.03982092,0.04217719,-0.01343073
000651SZ_2025-09-10T000000_BUY_SETUP_1_2025-09-10T000000_9,2025-09-10 00:00:00,000651.SZ,BUY_SETUP,1,5,2025-09-17 00:00:00,40.16,39.79,-0.00921315,0.00722112,-0.01967131
600036SS_2025-06-26T000000_SELL_SETUP_PERFECT_-1_2025-06-26T000000_9,2025-06-26 00:00:00,600036.SS,SELL_SETUP_PERFECT,-1,60,2025-09-18 00:00:00,44.87,39.82,0.11254736,0.11321596,-0.01493203
600036SS_2025-06-26T000000_SELL_COUNTDOWN_CANCEL_-1_2025-06-13T000000_6,2025-06-26 00:00:00,600036.SS,SELL_COUNTDOWN_CANCEL,-1,60,2025-09-18 00:00:00,44.87,39.82,0.11254736,0.11321596,-0.01493203
000651SZ_2025-08-25T000000_SELL_COUNTDOWN_COMPLETE_PERFECT_-1_2025-07-04T000000_13,2025-08-25 00:00:00,000651.SZ,SELL_COUNTDOWN_COMPLETE_PERFECT,-1,20,2025-09-22 00:00:00,45.11,38.83,0.13921525,0.1420971,-0.00554201
000858SZ_2025-04-01T000000_BUY_SETUP_PERFECT_1_2025-04-01T000000_9,2025-04-01 00:00:00,000858.SZ,BUY_SETUP_PERFECT,1,120,2025-09-23 00:00:00,126.04,119.61,-0.05101555,0.0427642,-0.1173437
601318SS_2025-08-26T000000_SELL_COUNTDOWN_COMPLETE_PERFECT_-1_2025-07-15T000000_13,2025-08-26 00:00:00,601318.SS,SELL_COUNTDOWN_COMPLETE_PERFECT,-1,20,2025-09-23 00:00:00,59.57,54.07,0.09232835,0.09702871,-0.00973644
601318SS_2025-04-07T000000_SELL_COUNTDOWN_CANCEL_-1_2025-02-19T000000_6,2025-04-07 00:00:00,601318.SS,SELL_COUNTDOWN_CANCEL,-1,120,2025-09-26 00:00:00,46.01,54.27,-0.17952619,0.00999783,-0.31232341
600036SS_2025-04-07T000000_SELL_COUNTDOWN_CANCEL_-1_2025-03-11T000000_4,2025-04-07 00:00:00,600036.SS,SELL_COUNTDOWN_CANCEL,-1,120,2025-09-26 00:00:00,37.82,39.79,-0.05208884,0.01401375,-0.2041248
000651SZ_2025-07-04T000000_SELL_SETUP_PERFECT_-1_2025-07-04T000000_9,2025-07-04 00:00:00,000651.SZ,SELL_SETUP_PERFECT,-1,60,2025-09-26 00:00:00,43.75,38.85,0.112,0.12457143,-0.03954286
000651SZ_2025-07-04T000000_SELL_COUNTDOWN_CANCEL_-1_2025-04-30T000000_12,2025-07-04 00:00:00,000651.SZ,SELL_COUNTDOWN_CANCEL,-1,60,2025-09-26 00:00:00,43.75,38.85,0.112,0.12457143,-0.03954286
000858SZ_2025-09-24T000000_BUY_SETUP_PERFECT_1_2025-09-24T000000_9,2025-09-24 00:00:00,000858.SZ,BUY_SETUP_PERFECT,1,5,2025-10-09 00:00:00,119.79,118.58,-0.01010101,0.0024209,-0.02153769
601318SS_2025-04-10T000000_BUY_SETUP_1_2025-04-10T000000_9,2025-04-10 00:00:00,601318.SS,BUY_SETUP,1,120,2025-10-09 00:00:00,46.93,54.09,0.15256765,0.28659706,-0.01065417
000651SZ_2025-09-24T000000_BUY_SETUP_PERFECT_1_2025-09-24T000000_9,2025-09-24 00:00:00,000651.SZ,BUY_SETUP_PERFECT,1,5,2025-10-09 00:00:00,38.99,39.38,0.01000256,0.01000256,-0.01769685
000651SZ_2025-09-24T000000_BUY_COUNTDOWN_CANCEL_1_2025-09-10T000000_7,2025-09-24 00:00:00,000651.SZ,BUY_COUNTDOWN_CANCEL,1,5,2025-10-09 00:00:00,38.99,39.38,0.01000256,0.01000256,-0.01769685
600519SS_2025-09-26T000000_BUY_SETUP_PERFECT_1_2025-09-26T000000_9,2025-09-26 00:00:00,600519.SS,BUY_SETUP_PERFECT,1,5,2025-10-13 00:00:00,1411.04,1395.24,-0.01119741,0.02479731,-0.0140889
601318SS_2025-09-08T000000_BUY_SETUP_PERFECT_1_2025-09-08T000000_9,2025-09-08 00:00:00,601318.SS,BUY_SETUP_PERFECT,1,20,2025-10-14 00:00:00,56.75,55.53,-0.0214978,0.02643172,-0.06079295
000858SZ_2025-07-15T000000_SELL_SETUP_PERFECT_-1_2025-07-15T000000_9,2025-07-15 00:00:00,000858.SZ,SELL_SETUP_PERFECT,-1,60,2025-10-15 00:00:00,119.25,119.49,-0.00201258,0.02171908,-0.08402516
000858SZ_2025-07-15T000000_BUY_COUNTDOWN_CANCEL_1_2025-05-28T000000_10,2025-07-15 00:00:00,000858.SZ,BUY_COUNTDOWN_CANCEL,1,60,2025-10-15 00:00:00,119.25,119.49,0.00201258,0.08402516,-0.02171908
601318SS_2025-07-15T000000_SELL_SETUP_-1_2025-07-15T000000_9,2025-07-15 00:00:00,601318.SS,SELL_SETUP,-1,60,2025-10-15 00:00:00,56.15,56.86,-0.0126447,0.0507569,-0.07533393
600036SS_2025-10-09T000000_BUY_COUNTDOWN_COMPLETE_PERFECT_1_2025-08-20T000000_13,2025-10-09 00:00:00,600036.SS,BUY_COUNTDOWN_COMPLETE_PERFECT,1,5,2025-10-16 00:00:00,39.32,40.92,0.04069176,0.0422177,-0.01602238
000651SZ_2025-09-10T000000_BUY_SETUP_1_2025-09-10T000000_9,2025-09-10 00:00:00,000651.SZ,BUY_SETUP,1,20,2025-10-16 00:00:00,40.16,39.77,-0.00971116,0.00722112,-0.04631474
000651SZ_2025-04-21T000000_SELL_COUNTDOWN_COMPLETE_-1_2025-03-13T000000_13,2025-04-21 00:00:00,000651.SZ,SELL_COUNTDOWN_COMPLETE,-1,120,2025-10-20 00:00:00,41.2,39.77,0.03470874,0.07038835,-0.1038835
601318SS_2025-04-23T000000_SELL_SETUP_PERFECT_-1_2025-04-23T000000_9,2025-04-23 00:00:00,601318.SS,SELL_SETUP_PERFECT,-1,120,2025-10-22 00:00:00,48.15,57.26,-0.18920042,0.01391485,-0.25399792
601318SS_2025-04-23T000000_BUY_COUNTDOWN_CANCEL_1_2025-04-10T000000_0,2025-04-23 00:00:00,601318.SS,BUY_COUNTDOWN_CANCEL,1,120,2025-10-22 00:00:00,48.15,57.26,0.18920042,0.25399792,-0.01391485
000651SZ_2025-04-30T000000_SELL_SETUP_-1_2025-04-30T000000_9,2025-04-30 00:00:00,000651.SZ,SELL_SETUP,-1,120,2025-10-29 00:00:00,41.57,39.69,0.04522492,0.0786625,-0.09405822
000858SZ_2025-09-24T000000_BUY_SETUP_PERFECT_1_2025-09-24T000000_9,2025-09-24 00:00:00,000858.SZ,BUY_SETUP_PERFECT,1,20,2025-10-30 00:00:00,119.79,115.89,-0.03255697,0.00492529,-0.03648051
000651SZ_2025-09-24T000000_BUY_SETUP_PERFECT_1_2025-09-24T000000_9,2025-09-24 00:00:00,000651.SZ,BUY_SETUP_PERFECT,1,20,2025-10-30 00:00:00,38.99,39.47,0.01231085,0.02975122,-0.01769685
000651SZ_2025-09-24T000000_BUY_COUNTDOWN_CANCEL_1_2025-09-10T000000_7,2025-09-24 00:00:00,000651.SZ,BUY_COUNTDOWN_CANCEL,1,20,2025-10-30 00:00:00,38.99,39.47,0.01231085,0.02975122,-0.01769685
601318SS_2025-10-24T000000_SELL_SETUP_PERFECT_-1_2025-10-24T000000_9,2025-10-24 00:00:00,601318.SS,SELL_SETUP_PERFECT,-1,5,2025-10-31 00:00:00,57.88,57.83,0.00086386,0.00656531,-0.03835522
601318SS_2025-10-24T000000_BUY_COUNTDOWN_CANCEL_1_2025-09-08T000000_5,2025-10-24 00:00:00,601318.SS,BUY_COUNTDOWN_CANCEL,1,5,2025-10-31 00:00:00,57.88,57.83,-0.00086386,0.03835522,-0.00656531
600036SS_2025-10-24T000000_SELL_SETUP_PERFECT_-1_2025-10-24T000000_9,2025-10-24 00:00:00,600036.SS,SELL_SETUP_PERFECT,-1,5,2025-10-31 00:00:00,40.94,39.88,0.02589155,0.03077675,-0.00048852
600519SS_2025-09-26T000000_BUY_SETUP_PERFECT_1_2025-09-26T000000_9,2025-09-26 00:00:00,600519.SS,BUY_SETUP_PERFECT,1,20,2025-11-03 00:00:00,1411.04,1411.04,0.0,0.03756095,-0.0140889
600036SS_2025-10-09T000000_BUY_COUNTDOWN_COMPLETE_PERFECT_1_2025-08-20T000000_13,2025-10-09 00:00:00,600036.SS,BUY_COUNTDOWN_COMPLETE_PERFECT,1,20,2025-11-06 00:00:00,39.32,41.33,0.05111902,0.07985758,-0.01602238
600519SS_2025-05-16T000000_SELL_SETUP_-1_2025-05-16T000000_9,2025-05-16 00:00:00,600519.SS,SELL_SETUP,-1,120,2025-11-11 00:00:00,1562.57,1435.03,0.08162194,0.13628189,0.00904279
600519SS_2025-05-16T000000_SELL_COUNTDOWN_CANCEL_-1_2025-03-18T000000_10,2025-05-16 00:00:00,600519.SS,SELL_COUNTDOWN_CANCEL,-1,120,2025-11-11 00:00:00,1562.57,1435.03,0.08162194,0.13628189,0.00904279
600519SS_2025-11-05T000000_BUY_SETUP_PERFECT_1_2025-11-05T000000_9,2025-11-05 00:00:00,600519.SS,BUY_SETUP_PERFECT,1,5,2025-11-12 00:00:00,1396.12,1441.19,0.03228233,0.04174426,0.00709824
600519SS_2025-11-05T000000_BUY_COUNTDOWN_CANCEL_1_2025-09-26T000000_9,2025-11-05 00:00:00,600519.SS,BUY_COUNTDOWN_CANCEL,1,5,2025-11-12 00:00:00,1396.12,1441.19,0.03228233,0.04174426,0.00709824
000858SZ_2025-05-23T000000_BUY_COUNTDOWN_COMPLETE_PERFECT_1_2025-04-01T000000_13,2025-05-23 00:00:00,000858.SZ,BUY_COUNTDOWN_COMPLETE_PERFECT,1,120,2025-11-18 00:00:00,122.4,117.78,-0.0377451,0.05612745,-0.09109477
600519SS_2025-05-27T000000_SELL_COUNTDOWN_CANCEL_-1_2025-05-16T000000_0,2025-05-27 00:00:00,600519.SS,SELL_COUNTDOWN_CANCEL,-1,120,2025-11-20 00:00:00,1492.34,1443.15,0.03296166,0.09563504,-0.01455432
000858SZ_2025-08-20T000000_SELL_COUNTDOWN_COMPLETE_PERFECT_-1_2025-07-15T000000_13,2025-08-20 00:00:00,000858.SZ,SELL_COUNTDOWN_COMPLETE_PERFECT,-1,60,2025-11-20 00:00:00,123.2,117.67,0.04488636,0.08425325,-0.04926948
600036SS_2025-08-20T000000_BUY_SETUP_1_2025-08-20T000000_9,2025-08-20 00:00:00,600036.SS,BUY_SETUP,1,60,2025-11-20 00:00:00,42.44,42.22,-0.00518379,0.01343073,-0.08836004
600036SS_2025-08-20T000000_SELL_COUNTDOWN_CANCEL_-1_2025-06-26T000000_8,2025-08-20 00:00:00,600036.SS,SELL_COUNTDOWN_CANCEL,-1,60,2025-11-20 00:00:00,42.44,42.22,0.00518379,0.08836004,-0.01343073
000858SZ_2025-05-28T000000_BUY_SETUP_PERFECT_1_2025-05-28T000000_9,2025-05-28 00:00:00,000858.SZ,BUY_SETUP_PERFECT,1,120,2025-11-21 00:00:00,121.17,117.1,-0.03358917,0.06684823,-0.08186845
000858SZ_2025-11-14T000000_BUY_COUNTDOWN_COMPLETE_1_2025-09-24T000000_13,2025-11-14 00:00:00,000858.SZ,BUY_COUNTDOWN_COMPLETE,1,5,2025-11-21 00:00:00,117.63,117.1,-0.00450565,0.0130919,-0.01020148
601318SS_2025-10-24T000000_SELL_SETUP_PERFECT_-1_2025-10-24T000000_9,2025-10-24 00:00:00,601318.SS,SELL_SETUP_PERFECT,-1,20,2025-11-21 00:00:00,57.88,58.91,-0.01779544,0.00656531,-0.07584658
601318SS_2025-10-24T000000_BUY_COUNTDOWN_CANCEL_1_2025-09-08T000000_5,2025-10-24 00:00:00,601318.SS,BUY_COUNTDOWN_CANCEL,1,20,2025-11-21 00:00:00,57.88,58.91,0.01779544,0.07584658,-0.00656531
600036SS_2025-10-24T000000_SELL_SETUP_PERFECT_-1_2025-10-24T000000_9,2025-10-24 00:00:00,600036.SS,SELL_SETUP_PERFECT,-1,20,2025-11-21 00:00:00,40.94,41.99,-0.02564729,0.03077675,-0.04494382
000651SZ_2025-08-25T000000_SELL_COUNTDOWN_COMPLETE_PERFECT_-1_2025-07-04T000000_13,2025-08-25 00:00:00,000651.SZ,SELL_COUNTDOWN_COMPLETE_PERFECT,-1,60,2025-11-25 00:00:00,45.11,39.07,0.13389492,0.15318111,-0.00554201
601318SS_2025-08-26T000000_SELL_COUNTDOWN_COMPLETE_PERFECT_-1_2025-07-15T000000_13,2025-08-26 00:00:00,601318.SS,SELL_COUNTDOWN_COMPLETE_PERFECT,-1,60,2025-11-26 00:00:00,59.57,59.78,-0.00352526,0.10525432,-0.04532483
600519SS_2025-11-05T000000_BUY_SETUP_PERFECT_1_2025-11-05T000000_9,2025-11-05 00:00:00,600519.SS,BUY_SETUP_PERFECT,1,20,2025-12-03 00:00:00,1396.12,1405.14,0.00646076,0.04726671,0.00567286
600519SS_2025-11-05T000000_BUY_COUNTDOWN_CANCEL_1_2025-09-26T000000_9,2025-11-05 00:00:00,600519.SS,BUY_COUNTDOWN_CANCEL,1,20,2025-12-03 00:00:00,1396.12,1405.14,0.00646076,0.04726671,0.00567286
601318SS_2025-06-11T000000_SELL_COUNTDOWN_COMPLETE_-1_2025-04-23T000000_13,2025-06-11 00:00:00,601318.SS,SELL_COUNTDOWN_COMPLETE,-1,120,2025-12-04 00:00:00,51.91,58.55,-0.1279137,0.02581391,-0.19957619
600036SS_2025-06-13T000000_SELL_SETUP_-1_2025-06-13T000000_9,2025-06-13 00:00:00,600036.SS,SELL_SETUP,-1,120,2025-12-08 00:00:00,42.17,42.17,-0.0,0.08252312,-0.07991463
601318SS_2025-09-08T000000_BUY_SETUP_PERFECT_1_2025-09-08T000000_9,2025-09-08 00:00:00,601318.SS,BUY_SETUP_PERFECT,1,60,2025-12-09 00:00:00,56.75,62.45,0.10044053,0.12422907,-0.06079295
000858SZ_2025-12-03T000000_BUY_SETUP_PERFECT_1_2025-12-03T000000_9,2025-12-03 00:00:00,000858.SZ,BUY_SETUP_PERFECT,1,5,2025-12-10 00:00:00,113.02,109.04,-0.03521501,0.0013272,-0.05388427
000651SZ_2025-09-10T000000_BUY_SETUP_1_2025-09-10T000000_9,2025-09-10 00:00:00,000651.SZ,BUY_SETUP,1,60,2025-12-11 00:00:00,40.16,39.65,-0.0126992,0.00722112,-0.04880478
000858SZ_2025-11-14T000000_BUY_COUNTDOWN_COMPLETE_1_2025-09-24T000000_13,2025-11-14 00:00:00,000858.SZ,BUY_COUNTDOWN_COMPLETE,1,20,2025-12-12 00:00:00,117.63,109.02,-0.07319561,0.0130919,-0.09096319
601318SS_2025-12-09T000000_SELL_COUNTDOWN_COMPLETE_PERFECT_-1_2025-10-24T000000_13,2025-12-09 00:00:00,601318.SS,SELL_COUNTDOWN_COMPLETE_PERFECT,-1,5,2025-12-16 00:00:00,62.45,67.0,-0.07285829,0.0051241,-0.09063251
600519SS_2025-12-10T000000_BUY_COUNTDOWN_COMPLETE_PERFECT_1_2025-11-05T000000_13,2025-12-10 00:00:00,600519.SS,BUY_COUNTDOWN_COMPLETE_PERFECT,1,5,2025-12-17 00:00:00,1378.84,1409.14,0.02197499,0.02697195,-0.00090656
600036SS_2025-06-26T000000_SELL_SETUP_PERFECT_-1_2025-06-26T000000_9,2025-06-26 00:00:00,600036.SS,SELL_SETUP_PERFECT,-1,120,2025-12-19 00:00:00,44.87,40.98,0.0866949,0.13773122,-0.01493203
600036SS_2025-06-26T000000_SELL_COUNTDOWN_CANCEL_-1_2025-06-13T000000_6,2025-06-26 00:00:00,600036.SS,SELL_COUNTDOWN_CANCEL,-1,120,2025-12-19 00:00:00,44.87,40.98,0.0866949,0.13773122,-0.01493203
601318SS_2025-12-17T000000_SELL_SETUP_PERFECT_-1_2025-12-17T000000_9,2025-12-17 00:00:00,601318.SS,SELL_SETUP_PERFECT,-1,5,2025-12-24 00:00:00,68.05,69.03,-0.01440118,0.00675974,-0.03218222
000858SZ_2025-09-24T000000_BUY_SETUP_PERFECT_1_2025-09-24T000000_9,2025-09-24 00:00:00,000858.SZ,BUY_SETUP_PERFECT,1,60,2025-12-25 00:00:00,119.79,110.6,-0.07671759,0.00492529,-0.10735454
000651SZ_2025-09-24T000000_BUY_SETUP_PERFECT_1_2025-09-24T000000_9,2025-09-24 00:00:00,000651.SZ,BUY_SETUP_PERFECT,1,60,2025-12-25 00:00:00,38.99,39.91,0.02359579,0.03488074,-0.02026161
000651SZ_2025-09-24T000000_BUY_COUNTDOWN_CANCEL_1_2025-09-10T000000_7,2025-09-24 00:00:00,000651.SZ,BUY_COUNTDOWN_CANCEL,1,60,2025-12-25 00:00:00,38.99,39.91,0.02359579,0.03488074,-0.02026161
600036SS_2025-12-19T000000_SELL_COUNTDOWN_COMPLETE_-1_2025-10-24T000000_13,2025-12-19 00:00:00,600036.SS,SELL_COUNTDOWN_COMPLETE,-1,5,2025-12-26 00:00:00,40.98,40.69,0.00707662,0.01073694,-0.0034163
600519SS_2025-09-26T000000_BUY_SETUP_PERFECT_1_2025-09-26T000000_9,2025-09-26 00:00:00,600519.SS,BUY_SETUP_PERFECT,1,60,2025-12-29 00:00:00,1411.04,1402.0,-0.00640662,0.03756095,-0.03672469
000651SZ_2025-07-04T000000_SELL_SETUP_PERFECT_-1_2025-07-04T000000_9,2025-07-04 00:00:00,000651.SZ,SELL_SETUP_PERFECT,-1,120,2025-12-29 00:00:00,43.75,39.72,0.09211429,0.12685714,-0.03954286
000651SZ_2025-07-04T000000_SELL_COUNTDOWN_CANCEL_-1_2025-04-30T000000_12,2025-07-04 00:00:00,000651.SZ,SELL_COUNTDOWN_CANCEL,-1,120,2025-12-29 00:00:00,43.75,39.72,0.09211429,0.12685714,-0.03954286
